Componente,URLs
SCC 1,"https://untref.edu.ar/mundountref/tags/carreras, https://untref.edu.ar/mundountref/fuerte-presencia-de-la-untref-en-el-congreso-interamericano-de-estadistica, https://untref.edu.ar/mundountref/administracion-universidades-2018, https://untref.edu.ar/mundountref/piadt-investigadores-comunidad-2019, https://untref.edu.ar/mundountref/doc-untref-31-colores-en-la-31, https://untref.edu.ar/mundountref/reconocimiento-iglesias-rossi-oiant-bariloche, https://untref.edu.ar/mundountref/tags/seminario, https://untref.edu.ar/mundountref/tags/convenio, https://untref.edu.ar/mundountref/convenio-untref-ministerio-derechos-humanos, https://untref.edu.ar/mundountref/nueva-maestria-en-opera-experimental, https://untref.edu.ar/mundountref/capacitacion-enfermeros-san-luis, https://untref.edu.ar/mundountref/el-tango-de-la-untref-cierra-el-ano-en-la-gran-milonga-nacional"
SCC 2,"https://untref.edu.ar/mundountref/episodio-1-derecho-a-la-secundaria-podcast, https://untref.edu.ar/mundountref/la-lupa-mala-praxis-podcast"
SCC 3,"https://untref.edu.ar/docentes_departamento, https://untref.edu.ar/docente/186, https://untref.edu.ar/docente/954, https://untref.edu.ar/docente/694, https://untref.edu.ar/docente/449, https://untref.edu.ar/docente/324, https://untref.edu.ar/docente/381, https://untref.edu.ar/docente/536, https://untref.edu.ar/docente/871, https://untref.edu.ar/docente/732, https://untref.edu.ar/docente/230, https://untref.edu.ar/docente/992, https://untref.edu.ar/docente/237, https://untref.edu.ar/docente/79, https://untref.edu.ar/docente/690, https://untref.edu.ar/docente/599, https://untref.edu.ar/docente/90, https://untref.edu.ar/docente/673, https://untref.edu.ar/docente/97, https://untref.edu.ar/docente/768, https://untref.edu.ar/docente/442, https://untref.edu.ar/docente/936, https://untref.edu.ar/docente/91, https://untref.edu.ar/docente/156, https://untref.edu.ar/docente/356, https://untref.edu.ar/docente/1004, https://untref.edu.ar/docente/1008, https://untref.edu.ar/docente/1026, https://untref.edu.ar/docente/849, https://untref.edu.ar/docente/273, https://untref.edu.ar/docente/808, https://untref.edu.ar/docente/359, https://untref.edu.ar/docente/890, https://untref.edu.ar/docente/222, https://untref.edu.ar/docente/686, https://untref.edu.ar/docente/569, https://untref.edu.ar/docente/740, https://untref.edu.ar/docente/312, https://untref.edu.ar/docente/163, https://untref.edu.ar/docente/877, https://untref.edu.ar/docente/705, https://untref.edu.ar/docente/358, https://untref.edu.ar/docente/507"
SCC 4,"https://untref.edu.ar/mundountref/tags/ddhh, https://untref.edu.ar/mundountref/conferencias-de-agnes-heller-en-la-untref, https://untref.edu.ar/mundountref/estela-de-carlotto-recibio-el-doctorado-honoris-causa-de-la-untref, https://untref.edu.ar/mundountref/argentina-negra-afro-discriminacion, https://untref.edu.ar/mundountref/protocolo-genero-carla-fernandez, https://untref.edu.ar/mundountref/derechos-humanos-pandemia-charla-virtual"
SCC 5,"https://untref.edu.ar/mundountref/nueva-ola-de-cine-rumano, https://untref.edu.ar/mundountref/estrena-emilia-envidia-la-nueva-serie-de-un3, https://untref.edu.ar/mundountref/manisima-llega-a-la-pantalla-de-un3"
SCC 6,"https://untref.edu.ar/muntref/carla-zaccagnini-4/, https://untref.edu.ar/muntref/es/museum-of-immigration"
SCC 7,"https://untref.edu.ar/muntref/en/muestras/crossmodal-correspondences, https://untref.edu.ar/muntref/es/muestras/analisis-y-representacion-sensible-de-datos-ayrsd/saveclip-app_364990694_191924027205829_3487319607526712203_n/, https://untref.edu.ar/muntref/es/muestras/analisis-y-representacion-sensible-de-datos-ayrsd/img_0184/, https://untref.edu.ar/muntref/es/muestras/analisis-y-representacion-sensible-de-datos-ayrsd/saveclip-app_356042701_218859921058567_8695001086152153868_n/, https://untref.edu.ar/muntref/es/muestras/analisis-y-representacion-sensible-de-datos-ayrsd/copia-de-4-artlab/"
SCC 8,"https://untref.edu.ar/events/i-jornadas-latinoamericanas-sobre-criminologia-y-seguridad-ciudadana, https://untref.edu.ar/untref37/uploads/Formularios/Criminologia/"
SCC 9,"https://untref.edu.ar/mundountref/tags/cursos, https://untref.edu.ar/mundountref/convenio-pami-formacion-adultos-mayores"
SCC 10,"https://untref.edu.ar/muntref/en/muestras/sierva-technoscience-for-optical-aberrations, https://untref.edu.ar/muntref/es/muestras/sierva-tecnociencia-al-servicio-de-aberracion-opticas/4a5a9775-baja/, https://untref.edu.ar/muntref/es/muestras/sierva-tecnociencia-al-servicio-de-aberracion-opticas/_d3a3520/"
SCC 11,"https://untref.edu.ar/mundountref/tags/soevo, https://untref.edu.ar/mundountref/examenes-soevo"
SCC 12,https://untref.edu.ar/mundountref/transmision-en-vivo-alexander-kluge-nueva-maestria-en-opera-experimental
SCC 13,"https://untref.edu.ar/mundountref/distincion-para-leo-brouwer, https://untref.edu.ar/mundountref/documental-orquesta-untref"
SCC 14,"https://untref.edu.ar/mundountref/tags/untref-media, https://untref.edu.ar/mundountref/estreno-la-muerte-no-existe-y-el-amor-tampoco-untref-media, https://untref.edu.ar/mundountref/untref-media-se-afianza-en-la-tematica-ambiental, https://untref.edu.ar/mundountref/cumbia-nena-un3-clarin, https://untref.edu.ar/mundountref/difusion-medidas-prevencion-covid-19"
SCC 15,"https://untref.edu.ar/mundountref/un3-balance-2020, https://untref.edu.ar/mundountref/gorda-ganadora-martin-fierro-digital-UN3"
SCC 16,"https://untref.edu.ar/sitios/gac/docentes/, https://untref.edu.ar/sitios/gac/publicaciones, https://untref.edu.ar/sitios/gac/contacto-2/"
SCC 17,"https://untref.edu.ar/index.php/about, https://untref.edu.ar/untref37/index.php/mundountref/graduado-de-la-untref-gana-el-premio-a-la-mejor-tesis-de-ingenieria-en-argentina, https://untref.edu.ar/untref37/index.php/mundountref/las-inscripciones-para-las-carreras-de-grado-2025-comenzaran-el-7-de-octubre"
SCC 18,"https://untref.edu.ar/muntref/es, https://untref.edu.ar/muntref/es/muestras/intercambios-transorganicos, https://untref.edu.ar/muntref/es/muestras/intercambios-transorganicos/furinge_laminaanatomica-1/, https://untref.edu.ar/muntref/es/arte-y-naturaleza, https://untref.edu.ar/muntref/es/noticias/desde-junio-dos-nuevas-exposiciones-integran-la-programacion-de-muntref/"
SCC 19,"https://untref.edu.ar/mundountref/balint-magyar-conferencia, https://untref.edu.ar/mundountref/tags/estrenos"
SCC 20,"https://untref.edu.ar/mundountref/relapae-la-revista-que-discute-el-futuro-de-la-educacion-en-latinoamerica, https://untref.edu.ar/mundountref/tags/nifede"
SCC 21,"https://untref.edu.ar/muntref/es/muestras/05786/, https://untref.edu.ar/muntref/05786jimenasalvatierra_36/"
SCC 22,"https://untref.edu.ar/mundountref/christian-boltanski-en-bienalsur, https://untref.edu.ar/mundountref/bienasur-2023-llega-a-buenos-aires-con-11-muestras-en-el-muntref-y-otras-sedes"
SCC 23,"https://untref.edu.ar/mundountref/obituario-abril-2021-pascual-lencina-pujol-jorge-arias, https://untref.edu.ar/mundountref/g-20-capital-humano-cultura, https://untref.edu.ar/mundountref/marcelo-bergman-maestria-criminologia-distincion-internacional"
SCC 24,"https://untref.edu.ar/mundountref/eduardo-stupia-inauguro-el-programa-de-formacion-docente-en-artes-visuales, https://untref.edu.ar/events/seminario-de-posgrado-ecosistema-cultural-teorias-esteticas-y-produccion-creativa"
SCC 25,"https://untref.edu.ar/mundountref/crisis-economicas-argetinas-podcast, https://untref.edu.ar/mundountref/episodio-4-secretos-franquismo-podcast"
SCC 26,"https://untref.edu.ar/mundountref/evaluacion-coneau, https://untref.edu.ar/mundountref/marca-historica-escuela-tanto-danzas-tradicionales"
SCC 27,"https://untref.edu.ar/mundountref/cuerpo-de-obra-catalina-leon-arte, https://untref.edu.ar/mundountref/trayectorias-diana-wechsler"
SCC 28,"https://untref.edu.ar/muntref/en/muestras/fantastic-zoology-by-pablo-lapadula/, https://untref.edu.ar/muntref/es/muestras/la-relacion-entre-los-seres-humanos-y-la-naturaleza-a-traves-del-arte/pablo-la-padula_gabinete-biologico/, https://untref.edu.ar/muntref/es/muestras/la-relacion-entre-los-seres-humanos-y-la-naturaleza-a-traves-del-arte/pablo-la-padula_traslucido-victoriano_6/"
SCC 29,"https://untref.edu.ar/mundountref/jornada-educacion-media-cippec-untref, https://untref.edu.ar/mundountref/programa-nexos-ministerio-educacion"
SCC 30,"https://untref.edu.ar/instituto/ceer-centro-de-estudio-de-energias-renovables, https://untref.edu.ar/ceer-formulario-para-registro-de-profesionales-y-consultores-expertos/"
SCC 31,"https://untref.edu.ar/mundountref/piscitelli-la-danza-de-la-economia-regenerativa-necesita-que-naturaleza-y-tecnologia-vayan-juntas, https://untref.edu.ar/mundountref/cat/academico, https://untref.edu.ar/mundountref/profesores-emeritos-de-la-untref, https://untref.edu.ar/mundountref/lecturas-de-gramsci, https://untref.edu.ar/mundountref/emocion-y-alegria-en-la-entrega-de-casi-250-titulos-de-grado-y-posgrado, https://untref.edu.ar/mundountref/extension-inscripciones-2021, https://untref.edu.ar/mundountref/desafios-latinoamerica-fernando-carrion, https://untref.edu.ar/mundountref/femicidios-victoria-donda-luciana-de-ponti, https://untref.edu.ar/mundountref/formacion-linguitica-idiomas, https://untref.edu.ar/mundountref/inscripcion-2021-diplomatura-gestion-logistica, https://untref.edu.ar/mundountref/energia-nuclear-solucion-frente-al-cambio-climatico, https://untref.edu.ar/mundountref/se-realizaron-las-ii-jornadas-de-jovenes-estudiantes-e-investigadores, https://untref.edu.ar/mundountref/perfil-julio-grisolia, https://untref.edu.ar/mundountref/convenio-futbol-valores-Scholas-Occurrentes, https://untref.edu.ar/mundountref/tags/futbol, https://untref.edu.ar/mundountref/programa-universidad-adultos-mayores-upami-untref, https://untref.edu.ar/mundountref/posgrados-estudios-internacionales-2020-abril, https://untref.edu.ar/mundountref/impulsan-un-proyecto-para-prevenir-dengue-zika-y-chikungunya, https://untref.edu.ar/mundountref/reconocimiento-egresadas-ingeniería-ambiental, https://untref.edu.ar/mundountref/cuatro-mil-estudiantes-de-la-untref-podran-acceder-al-programa-paltex, https://untref.edu.ar/mundountref/tags/posgrados, https://untref.edu.ar/mundountref/nuevo-doctorado-diversidad-cultural-untref, https://untref.edu.ar/mundountref/posgrados-2020-salud-seguridad, https://untref.edu.ar/mundountref/31-acto-colacion-grado, https://untref.edu.ar/mundountref/tags/investigacion, https://untref.edu.ar/mundountref/migraciones-genero-y-politica, https://untref.edu.ar/mundountref/sierva-investigacion-beca, https://untref.edu.ar/mundountref/genocio-armenio-documental, https://untref.edu.ar/mundountref/desarrollo-dispositivos-medicos-faltantes-covid-19, https://untref.edu.ar/mundountref/xi-conferencia-asociacion-filosofia-historia-ciencia-afhic-1, https://untref.edu.ar/mundountref/conferencia-de-judith-butler-en-la-untref-cuerpos-que-todavia-importan, https://untref.edu.ar/mundountref/cerca-de-700-profesionales-de-la-salud-usaran-insumos-hechos-por-la-untref, https://untref.edu.ar/mundountref/el-hedor-de-america-un-homenaje-a-50-anos-de-la-edicion-de-la-primera-obra-de-rodolfo-kusch, https://untref.edu.ar/mundountref/coloquio-esial-trabajos-america-latina, https://untref.edu.ar/mundountref/7-encuentro-estudiantes-psicomotricidad, https://untref.edu.ar/mundountref/nueva-diplomatura-estadistica-educacion, https://untref.edu.ar/mundountref/baja-delito-estudio-universidad-cambridge, https://untref.edu.ar/mundountref/bienalsur-cierre-segunda-edicion, https://untref.edu.ar/mundountref/tags/conferencias, https://untref.edu.ar/mundountref/conferencia-mayo-frances-68-marin-karmitz, https://untref.edu.ar/mundountref/rectores-peronistas-acuerdo-universidades-publicas, https://untref.edu.ar/mundountref/novedades-eduntref-septiembre-2018, https://untref.edu.ar/mundountref/condolencias-Saad-Chedid, https://untref.edu.ar/mundountref/proyecto-aerogenerador-social, https://untref.edu.ar/mundountref/inscripcion-abierta-2021-posgrados-metodologia-epistemologia, https://untref.edu.ar/mundountref/licencia-violencia-de-genero-trabajadores-estudiantes, https://untref.edu.ar/mundountref/expountref-mas-de-1500-visitantes-y-un-fuerte-respaldo-a-la-educacion-publica"
SCC 32,"https://untref.edu.ar/mundountref/oscilaciones-practicas-pensamientos-y-procesos-en-el-muntref, https://untref.edu.ar/muntref/muestras/oscilaciones-practicas-pensamientos-y-procesos/"
SCC 33,"https://untref.edu.ar/mundountref/max-de-esteban-e-ivan-gomez-gutierrez-inauguran-muestras-en-muntref-inmigrantes, https://untref.edu.ar/mundountref/cat/internacional"
SCC 34,"https://untref.edu.ar/mundountref/lanzamiento-diplomatura-archivistica-gestion-documental-agn, https://untref.edu.ar/mundountref/nueva-especializacion-en-arte-sonoro"
SCC 35,"https://untref.edu.ar/mundountref/tags/muntref, https://untref.edu.ar/mundountref/inauguracion-bienal-imagen-movimiento-2020-bim, https://untref.edu.ar/mundountref/inauguracion-caseros-muestra-constelaciones-muntref-artes-visuales, https://untref.edu.ar/mundountref/tags/neo-media-lab, https://untref.edu.ar/mundountref/comenzo-el-laboratorio-de-ideas-del-muntref-centro-de-arte-y-naturaleza, https://untref.edu.ar/mundountref/muntref-noche-museos, https://untref.edu.ar/mundountref/gala-gonzalez-artes-electronicas-historias-untref, https://untref.edu.ar/muntref/arte-y-ciencia/, https://untref.edu.ar/mundountref/cuerpo-de-obra-eduardo-gil, https://untref.edu.ar/mundountref/convocatoria-muestra-fotografica-caminantes"
SCC 36,"https://untref.edu.ar/mundountref/cuarentena-caba-atenuaciones-ruido-cistas, https://untref.edu.ar/mundountref/momento-de-cuidar-de-la-salud-mental-y-emocional"
SCC 37,"https://untref.edu.ar/muntref/km-55-ecoparque-ignauguracion-4-2/, https://untref.edu.ar/muntref/es/exhibition-files/a2024"
SCC 38,"https://untref.edu.ar/muntref/diana-schufer-diego-perrota-viviana-blanco-miguel-harte-florencia-battiti-y-fernando-farina/, https://untref.edu.ar/muntref/es/center-of-art-and-science"
SCC 39,https://untref.edu.ar/mundountref/tags/conferencia-completa
SCC 40,"https://untref.edu.ar/sedes, https://untref.edu.ar/escuela-de-tango-y-danzas-tradicionales, https://untref.edu.ar/study-abroad"
SCC 41,"https://untref.edu.ar/mundountref/se-ultiman-los-detalles-para-la-inauguracion-, https://untref.edu.ar/mundountref/nueva-sede-muntref-ex-zoo-porteno-"
SCC 42,"https://untref.edu.ar/mundountref/charla-francesc-pedro-anibal-jozami, https://untref.edu.ar/mundountref/ranking-qs-untref"
SCC 43,"https://untref.edu.ar/index.php/;actor/browse, https://untref.edu.ar/untref37/index.php/mundountref/la-revista-ciencia-hoy-continuara-editandose-por-la-untref, https://untref.edu.ar/untref37/index.php/mundountref/videojuegos-un-segmento-en-el-que-confluyen-el-software-el-arte-la-narracion-y-la-musica"
SCC 44,"https://untref.edu.ar/mundountref/la-untref-reconocida-como-universidad-saludable, https://untref.edu.ar/mundountref/la-untref-recibe-certificado-distintivo-de-institucion-mediadora"
SCC 45,"https://untref.edu.ar/mundountref/capacitaciones-investigacion-accidentes-aviones, https://untref.edu.ar/mundountref/podcast-genocidio-consecuencias"
SCC 46,"https://untref.edu.ar/muntref/05786jimenasalvatierra_17/, https://untref.edu.ar/muntref/es/museum-of-visual-arts"
SCC 47,"https://untref.edu.ar/muntref/carla-zaccagnini-2-1/, https://untref.edu.ar/muntref/es/about-muntref"
SCC 48,"https://untref.edu.ar/uploads/, https://untref.edu.ar/cidem/"
SCC 49,"https://untref.edu.ar/mundountref/jornadas-virtuales-75-peronismo, https://untref.edu.ar/mundountref/resultados-encuesta-malestar-psicologico-caida-ingresos"
SCC 50,"https://untref.edu.ar/autoevaluacion-institucional, https://untref.edu.ar/covid, https://untref.edu.ar/posgrados, https://untref.edu.ar/posgrado/maestria-en-economia-social-comunitaria-y-solidaria-virtual, https://untref.edu.ar/posgrado/especializacion-en-intervencion-y-gestion-gerontologica, https://untref.edu.ar/posgrado/ diplomatura-superior-en-lengua-y-cultura-idish, https://untref.edu.ar/posgrado/maestria-en-criminologia-y-seguridad-ciudadana, https://untref.edu.ar/sigeva-cvar, https://untref.edu.ar/unidades-de-investigacion-untref, https://untref.edu.ar/muntref/, https://untref.edu.ar/muntref/es/centro-de-arte-contemporaneo"
SCC 51,"https://untref.edu.ar/doble-carrera-deporte-universidad, https://untref.edu.ar/trio-de-cuerdas-untref-extension, https://untref.edu.ar/convocatorias, https://untref.edu.ar/institutos, https://untref.edu.ar/vigilancia-tecnologica-y-propiedad-intelectual"
SCC 52,"https://untref.edu.ar/sitios/mgaie, https://untref.edu.ar/sitios/mgaie/revista-raesta/, https://untref.edu.ar/raesta/, https://untref.edu.ar/n3_art8.php"
SCC 53,"https://untref.edu.ar/mundountref/menchu-gutierrez-en-argentina, https://untref.edu.ar/events/serie-de-lecturas-frost-con-menchu-gutierrez"
SCC 54,"https://untref.edu.ar/muntref/en/museum-of-immigration, https://untref.edu.ar/muntref/en/educacion"
SCC 55,"https://untref.edu.ar/muntref/es/muestras/3382/, https://untref.edu.ar/muntref/es/muestras/3382/km-202jimenasalvatierra_12/"
SCC 56,"https://untref.edu.ar/mundountref/nueva-especializacion-gestion-politicas-infancia-adolescencia, https://untref.edu.ar/mundountref/tags/infancia"
SCC 57,"https://untref.edu.ar/mundountref/bienalsur-pensar-futuros-posibles, https://untref.edu.ar/mundountref/un-millon-personas-bienalsur"
SCC 58,"https://untref.edu.ar/mundountref/voley-femenino-microestadio, https://untref.edu.ar/mundountref/tags/competencias"
SCC 59,"https://untref.edu.ar/mundountref/bienalsur-talleres-turn-muntref, https://untref.edu.ar/mundountref/arte-mito-y-naturaleza-en-el-cck"
SCC 60,"https://untref.edu.ar/mundountref/en-el-xirgu-la-universidad-celebro-el-dia-de-la-musica, https://untref.edu.ar/mundountref/ciclo-de-conciertos-para-ensambles"
SCC 61,"https://untref.edu.ar/muntref/es/archivo-de-muestras/a2013, https://untref.edu.ar/muntref/es/archivo-de-muestras/a2014, https://untref.edu.ar/muntref/es/archivo-de-muestras/a2023"
SCC 62,"https://untref.edu.ar/muntref/es/noticias/nuevo-vitral-de-luis-felipe-noe-en-muntref-inmigrantes/, https://untref.edu.ar/muntref/es/archivo-de-muestras/a2019, https://untref.edu.ar/muntref/es/muestras/carla-zaccagnini-manana-iba-a-ser-ayer/, https://untref.edu.ar/muntref/es/muestras/extrajero-residente/"
SCC 63,"https://untref.edu.ar/sitios/gac/eventos-mes/noviembre/, https://untref.edu.ar/sitios/gac/eventos-mes/mayo/"
SCC 64,"https://untref.edu.ar/sitios/mgaie/contacto/, https://untref.edu.ar/sitios/mgaie/novedades/openathens-servicio-de-acceso-remoto-a-bases-de-datos-academicas-y-cientificas/"
SCC 65,"https://untref.edu.ar/muntref/mnf00269_mauro-franceschetti_inauguracion-hogar-dulce-hogar-caseros-ii_april-28-2018/, https://untref.edu.ar/muntref/es/authorities"
SCC 66,"https://untref.edu.ar/mundountref/deportes-ajedrez-untref, https://untref.edu.ar/mundountref/leonardo-pepino-ingenieria-sonido-proyecto"
SCC 67,"https://untref.edu.ar/mundountref/graduacion-diplomas-ditanciamiento-social, https://untref.edu.ar/mundountref/artes-electronicas-charla-joseph-scheer"
SCC 68,"https://untref.edu.ar/mundountref/tags/untref-sonoro, https://untref.edu.ar/mundountref/untref-sonoro-presento-la-opera-ese-grito-es-todavia-un-grito-de-amor"
SCC 69,"https://untref.edu.ar/sitios/ciea/red-esial/, https://untref.edu.ar/sitios/ciea/contacto"
SCC 70,"https://untref.edu.ar/muntref/anibal-jozami-diana-wechsler-florencia-battiti-y-fernando-farina/, https://untref.edu.ar/muntref/es/contact, https://untref.edu.ar/muntref/es/location"
SCC 71,"https://untref.edu.ar/muntref/es/autoridades-muntref, https://untref.edu.ar/muntref/es/recorridos-virtuales, https://untref.edu.ar/muntref/recorridos/enelpaisaje/, https://untref.edu.ar/muntref/recorridos/hogar-dulce-hogar-caseros/, https://untref.edu.ar/muntref/recorridos/kazma-aveta-inmigrantes/"
SCC 72,"https://untref.edu.ar/muntref/en/about-muntref, https://untref.edu.ar/muntref/en/museum-of-immigration/, https://untref.edu.ar/muntref/en/muestras/italianos-y-espanoles-en-la-argentina-2"
SCC 73,"https://untref.edu.ar/sitios/cinea/radar/, https://untref.edu.ar/sitios/cinea/informes-para-prensa/"
SCC 74,https://untref.edu.ar/mundountref/cemento-hito-de-la-musica-y-el-rock-independiente
SCC 75,"https://untref.edu.ar/elecciones-untref-2024, https://untref.edu.ar/tutoriales, https://untref.edu.ar/untref-deportes, https://untref.edu.ar/secretaria-academica, https://untref.edu.ar/cooperacion-internacional, https://untref.edu.ar/estudiar-en-untref"
SCC 76,"https://untref.edu.ar/muntref/es/muestras/huellas-migrantes, https://untref.edu.ar/muntref/es/muestras/huellas-migrantes/_mg_1692/"
SCC 77,"https://untref.edu.ar/muntref/es/muestras/inmediatamente-despues-y-poco-antes-de-25-anos-berlin-buenos-aires/, https://untref.edu.ar/muntref/es/muestras/inmediatamente-despues-y-poco-antes-de-25-anos-berlin-buenos-aires/golder-js_20/"
SCC 78,"https://untref.edu.ar/muntref/es/muestras/victor-grippo-preexistencias, https://untref.edu.ar/muntref/es/muestras/victor-grippo-preexistencias/dsc00289/"
SCC 79,https://untref.edu.ar/mundountref/nuevo-formateate-untref-media
SCC 80,https://untref.edu.ar/sitios/gac/plan-de-estudios/
SCC 81,"https://untref.edu.ar/muntref/05786jimenasalvatierra_42/, https://untref.edu.ar/muntref/es/center-of-art-and-nature, https://untref.edu.ar/muntref/es/exhibition-files/a2020"
SCC 82,"https://untref.edu.ar/mundountref/muestra-retrospectiva-del-premio-braque, https://untref.edu.ar/events/premio-braque-1963-1997"
SCC 83,"https://untref.edu.ar/mundountref/tags/ciclo-de-conciertos-para-ensambles, https://untref.edu.ar/mundountref/muta-domo-i-presento-su-segundo-trabajo-discografico-interludios-melancolicos"
SCC 84,"https://untref.edu.ar/departamento-de-alumnos, https://untref.edu.ar/suscripcion"
SCC 85,"https://untref.edu.ar/mundountref/taller-de-huerta-salud-alimentacion-ecologia, https://untref.edu.ar/extension"
SCC 86,https://untref.edu.ar/mundountref/untref-acr-up-acuerdo-foncap
SCC 87,"https://untref.edu.ar/mundountref/tags/comunicacion-politica, https://untref.edu.ar/mundountref/que-pasara-con-las-elecciones-legislativas-paso-2017"
SCC 88,"https://untref.edu.ar/mundountref/tags/educacion, https://untref.edu.ar/mundountref/Becas-AUF-ciencia-educacion-superior, https://untref.edu.ar/mundountref/una-nueva-ensenanza, https://untref.edu.ar/mundountref/seminario-filosofia-innovacion-untref, https://untref.edu.ar/mundountref/presentan-edicion-especial-de-el-lugar-sin-limites, https://untref.edu.ar/mundountref/tags/pueblos-originarios, https://untref.edu.ar/mundountref/tags/ciea, https://untref.edu.ar/mundountref/lanzamiento-programa-energia-nuclear-innovacion, https://untref.edu.ar/mundountref/mala-praxis-feria-regional-ciencias"
SCC 89,"https://untref.edu.ar/sitios/enlaces/sabado-9-de-septiembre/, https://untref.edu.ar/sitios/enlaces/domingo-10-de-septiembre/"
SCC 90,"https://untref.edu.ar/muntref/mnf00261_mauro-franceschetti_inauguracion-hogar-dulce-hogar-caseros-ii_april-28-2018/, https://untref.edu.ar/muntref/es/center-of-contemporary-art"
SCC 91,"https://untref.edu.ar/mundountref/nuevas-publicaciones-eduntref, https://untref.edu.ar/mundountref/menchu-gutierrez-charla-untref"
SCC 92,"https://untref.edu.ar/muntref/en/center-of-art-and-science, https://untref.edu.ar/muntref/en/muestras/sierva-technoscience-for-optical-aberrations/, https://untref.edu.ar/muntref/en/museum-of-visual-arts"
SCC 93,"https://untref.edu.ar/muntref/es/muestras/para-todos-los-hombres-del-mundo-2/, https://untref.edu.ar/muntref/es/museo-de-la-inmigracion/acerca-de-mi/"
SCC 94,"https://untref.edu.ar/docentes, https://untref.edu.ar/docente/515"
SCC 95,https://untref.edu.ar/mundountref/el-gobierno-presento-una-iniciativa-del-consejo-economico-y-social-en-el-muntref
SCC 96,"https://untref.edu.ar/sitios/mgaie/cuerpo-docente/, https://untref.edu.ar/sitios/mgaie/novedades/6as-jornadas-academicas-de-estadistica-jae-vi-estadistica-en-la-era-de-la-ciencia-de-datos-viernes-6-de-diciembre-de-2019/"
SCC 97,https://untref.edu.ar/muntref/carla-zaccagnini-2/
SCC 98,https://untref.edu.ar/sitios/mgaie/noticias/
SCC 99,"https://untref.edu.ar/mundountref/un-microfono-para-delfines, https://untref.edu.ar/mundountref/tescucho-ahora-puede-usarse-como-subtitulador-para-videoconferencias"
SCC 100,"https://untref.edu.ar/events/introduccion-a-los-procesos-sociales-cientificos-artisticos-y-culturales-afroamericanos, https://untref.edu.ar/mundountref/eric-sadin-el-origen-de-la-locura-es-cuando-ya-nadie-cree-en-nada"
SCC 101,"https://untref.edu.ar/mundountref/tango-danza-folclore-cultura-muestras, https://untref.edu.ar/mundountref/tags/muestras, https://untref.edu.ar/mundountref/bienalsur-apertura-sedes-ciudad-gran-show, https://untref.edu.ar/mundountref/escala-en-paris, https://untref.edu.ar/mundountref/artistas-brasilenos-argentinos-exponen-embajada-brasil, https://untref.edu.ar/mundountref/ali-kazma-recorrido-sonoro, https://untref.edu.ar/mundountref/diego-perrotta-cuerpo-de-obra, https://untref.edu.ar/mundountref/muestra-final-artes-del-circo-Aquelarre, https://untref.edu.ar/mundountref/el-hotel-del-inmigrantes-inaugurara-como-sede-de-la-bienalsur"
SCC 102,"https://untref.edu.ar/mundountref/conferencia-de-sousa-universidad-blanco-derecha-neofascista, https://untref.edu.ar/sitios/enlaces/"
SCC 103,"https://untref.edu.ar/mundountref/boris-groys-digital-no-reemplaza-museos-archivos-fisicos, https://untref.edu.ar/mundountref/el-seminario-de-pensamiento-economico-argentino-abrio-con-el-legado-de-aldo-ferrer"
SCC 104,"https://untref.edu.ar/mundountref/becas-evc-cin-investigadores, https://untref.edu.ar/mundountref/direccion-de-desarrollo"
SCC 105,"https://untref.edu.ar/mundountref/tags/nutricion, https://untref.edu.ar/mundountref/nutricion-conciencia-salud, https://untref.edu.ar/mundountref/festival-nuevos-creativos"
SCC 106,"https://untref.edu.ar/mundountref/equipamiento-medico-covid-19-desarrollado-untref, https://untref.edu.ar/mundountref/las-ilusiones-argentinas-sujatovich-premio-gardel, https://untref.edu.ar/mundountref/estrenos-2019-un3"
SCC 107,"https://untref.edu.ar/mundountref/inscripcion-2020-untref-virtual-diplomaturas-salud-educacion, https://untref.edu.ar/mundountref/inscripcion-2020-economia-administracion-grado-untref-virtual"
SCC 108,"https://untref.edu.ar/events/la-shoa-y-la-reconciliacion-cristiano-judia-la-rebelion-de-job, https://untref.edu.ar/mundountref/cat/podcast, https://untref.edu.ar/mundountref/historia-en-pocillo-episodio-13-podcast"
SCC 109,"https://untref.edu.ar/muntref/en/muestras/overflow/, https://untref.edu.ar/muntref/en/museum-of-visual-arts/about-mav"
SCC 110,"https://untref.edu.ar/mundountref/tags/taller, https://untref.edu.ar/mundountref/cursos-para-el-2o-cuatrimestre, https://untref.edu.ar/mundountref/edward-hirsch-en-la-untref, https://untref.edu.ar/mundountref/conta-tu-historia-en-video-360o"
SCC 111,"https://untref.edu.ar/muntref/es/muestras/puede-que-esta-vez-sea-diferente/, https://untref.edu.ar/muntref/es/muestras/puede-que-esta-vez-sea-diferente/rosler_sml_l/"
SCC 112,"https://untref.edu.ar/mundountref/episodio-11-las-patrias-argentinas-podcast-historia, https://untref.edu.ar/mundountref/episodio-11-militancia-70-podcast-historia, https://untref.edu.ar/mundountref/episodio-3-origen-nazismo-podcast"
SCC 113,"https://untref.edu.ar/mundountref/streaming-convenio-internacional , https://untref.edu.ar/mundountref/lanzamiento-seminario-internacional-artes-del-circo"
SCC 114,"https://untref.edu.ar/mundountref/globalizacion-financiera-ser-humano-ajuste, https://untref.edu.ar/sitios/ciea/institucional/"
SCC 115,"https://untref.edu.ar/mundountref/alianza-entre-la-untref-y-el-club-de-amigos, https://untref.edu.ar/mundountref/untref-voley-debuto-en-el-microestadio-de-la-universidad"
SCC 116,"https://untref.edu.ar/instituto/edcu-de-estudios-sobre-diversidad-cultural, https://untref.edu.ar/posgrados/estudios-afroamericanos/"
SCC 117,"https://untref.edu.ar/mundountref/foro-para-pensar-actividad-productiva-post-pandemia, https://untref.edu.ar/sitios/cidem/"
SCC 118,"https://untref.edu.ar/muntref/es/muestras/baile-circular, https://untref.edu.ar/muntref/es/muestras/baile-circular/iq3b6786-copia/, https://untref.edu.ar/muntref/es/muestras/baile-circular/iq3b6328-copia/"
SCC 119,"https://untref.edu.ar/mundountref/tags/reconocimientos, https://untref.edu.ar/mundountref/plan-fines-70-estudiantes-terminaron-secundaria, https://untref.edu.ar/mundountref/tags/realidad-virtual, https://untref.edu.ar/mundountref/un3-en-canneseries-los-mentirosos, https://untref.edu.ar/mundountref/hockey-sobre-cesped-untref, https://untref.edu.ar/mundountref/incaa-tiempo-libre-un3"
SCC 120,"https://untref.edu.ar/mundountref/en-la-colacion-de-grado-y-posgrado-martin-kaufmann-llamo-a-defender-la-universidad-publica, https://untref.edu.ar/posgrado/especializacioon-en-direccion-y-gestion-de-proyectos, https://untref.edu.ar/posgrado/maestria-en-creacion-musical-nuevas-tecnologias-y-artes-tradicionales, https://untref.edu.ar/mundountref/cat/comunidad, https://untref.edu.ar/mundountref/natacion-campeon-adau, https://untref.edu.ar/mundountref/untref-voley-bicampeon-copa-desafio, https://untref.edu.ar/mundountref/tags/salud, https://untref.edu.ar/mundountref/jornada-de-donacion-de-sangre-para-el-hospital-garrahan, https://untref.edu.ar/mundountref/mujeres-grupo-mas-afectado-pandemia, https://untref.edu.ar/mundountref/tags/deportes, https://untref.edu.ar/mundountref/jur-2018-finales, https://untref.edu.ar/mundountref/untref-corre, https://untref.edu.ar/mundountref/tags/diplomaturas, https://untref.edu.ar/mundountref/diplomatura-organizacion-eventos-juan-manuel-lamberti, https://untref.edu.ar/mundountref/inscripcion-diplomatura-2021, https://untref.edu.ar/mundountref/untref-voley-liga-argentina-voley, https://untref.edu.ar/mundountref/tags/rugby, https://untref.edu.ar/mundountref/tags/psicomotricidad, https://untref.edu.ar/mundountref/conferencia-completa-de-alfredo-jerusalinsky, https://untref.edu.ar/mundountref/tags/natacion, https://untref.edu.ar/mundountref/tips-manos-limpias, https://untref.edu.ar/mundountref/proyectos-lucha-contra-covid-19, https://untref.edu.ar/mundountref/tags/sociedad, https://untref.edu.ar/mundountref/los-buenos-oficios-de-la-genetica, https://untref.edu.ar/mundountref/desigualdad-clases-sociales-ceipsu, https://untref.edu.ar/mundountref/tags/becas, https://untref.edu.ar/mundountref/museos-inclusivos-muntref-congreso-internacional, https://untref.edu.ar/mundountref/baja-edad-imputabilidad-debate-vigente, https://untref.edu.ar/mundountref/el-equipo-profesional-de-voley-comienza-un-nuevo-desafio, https://untref.edu.ar/mundountref/jur-untref, https://untref.edu.ar/mundountref/sports-mediathon-2018, https://untref.edu.ar/mundountref/podcast-comunidad-episodio-10-rita-cosentino-cidem, https://untref.edu.ar/mundountref/mas-de-1500-personas-participaron-de-una-nueva-edicion-de-untref-corre, https://untref.edu.ar/mundountref/estas-listo-para-la-carrera-de-la-universidad, https://untref.edu.ar/mundountref/cat/institucional, https://untref.edu.ar/mundountref/formateate-racismo-violencia-policial, https://untref.edu.ar/mundountref/los-clementes-equipo-rugby-untref, https://untref.edu.ar/mundountref/final-abierto-voley-microestadio, https://untref.edu.ar/mundountref/tags/bienalsur, https://untref.edu.ar/mundountref/mas-de-100-docentes-de-educacion-fisica-se-capacitaron-en-la-universidad, https://untref.edu.ar/mundountref/arranque-positivo-para-la-untref, https://untref.edu.ar/mundountref/victoria-ferrari-periodismo-documental, https://untref.edu.ar/posgrado/maestria-en-sociologia-politica-internacional, https://untref.edu.ar/carrera/artes-del-circo"
SCC 121,"https://untref.edu.ar/mundountref/charla-censos-estadisticas, https://untref.edu.ar/mundountref/tags/visitas"
SCC 122,"https://untref.edu.ar/sitios/mgaie/curso-extracurricular-calidad-estadistica-en-salud/, https://untref.edu.ar/sitios/mgaie/novedades/como-nos-preparamos-para-los-desafios-del-futuro-censo-de-poblacion-051219/"
SCC 123,"https://untref.edu.ar/muntref/en/noticias/muntref-unique-virtual-tours-in-the-region/, https://untref.edu.ar/muntref/en/location, https://untref.edu.ar/muntref/en/noticias/in-march-muntref-will-present-exhibitions-focused-on-ecofeminism-memory-and-native-peoples/"
SCC 124,"https://untref.edu.ar/sitios/gac/publicaciones/artes-e-industrias-culturales-compilador-oscar-moreno/, https://untref.edu.ar/sitios/gac/categoria-publicaciones/general/"
SCC 125,"https://untref.edu.ar/mundountref/untref-voley-derrota-a-river-plate, https://untref.edu.ar/mundountref/untref-voley-local-ciudad-bolivar"
SCC 126,"https://untref.edu.ar/mundountref/estudiantes-enfermeria-covid-19, https://untref.edu.ar/mundountref/administracion-empresas-universidad"
SCC 127,"https://untref.edu.ar/mundountref/conoce-carreras-untref-ingresantes, https://untref.edu.ar/mundountref/ministerio-salud-provincial-120-ecocamas"
SCC 128,"https://untref.edu.ar/mundountref/ancestras-mural-genero-memoria, https://untref.edu.ar/mundountref/centro-intercambio-acustica-sonido"
SCC 129,https://untref.edu.ar/mundountref/deportes-voley-solidario
SCC 130,https://untref.edu.ar/index.php/;taxonomy/browse/35
SCC 131,"https://untref.edu.ar/mundountref/ermitanos-untref-media, https://untref.edu.ar/mundountref/untref-media-amnistia-internacional-podcast-derechos-humanos-spotify"
SCC 132,"https://untref.edu.ar/muntref/es/muestras/marie-orensanz-el-fluir-del-pensamiento/, https://untref.edu.ar/muntref/es/muestras/marie-orensanz-el-fluir-del-pensamiento/re100451/"
SCC 133,"https://untref.edu.ar/mundountref/psicomotricidad-comprender-nuevos-lazos-familiares, https://untref.edu.ar/mundountref/inauguracion-muntref-arte-contemporaneo"
SCC 134,"https://untref.edu.ar/muntref/es/recorridos-virtuales/, https://untref.edu.ar/muntref/recorridos/deira/, https://untref.edu.ar/muntref/recorridos/noe/"
SCC 135,"https://untref.edu.ar/mundountref/rosario-sede-activa-de-la-bienalsur, https://untref.edu.ar/mundountref/tags/curaduria"
SCC 136,"https://untref.edu.ar/mundountref/convenio-untref-montfort-university, https://untref.edu.ar/mundountref/arte-sonoro-jose-candela-cielo-vargas"
SCC 137,"https://untref.edu.ar/mundountref/Encuesta-calidad-vida-mujeres, https://untref.edu.ar/mundountref/la-industria-metalmecanica-predomina-en-tres-de-febrero"
SCC 138,"https://untref.edu.ar/muntref/es/muestras/nueva-muestra-instancias-en-muntref-museo-de-artes-visuales, https://untref.edu.ar/muntref/es/muestras/nueva-muestra-instancias-en-muntref-museo-de-artes-visuales/deazkuejavier_seriest_2017_1-2/"
SCC 139,"https://untref.edu.ar/muntref/es/arte-y-ciencia, https://untref.edu.ar/muntref/es/muestras/sierva-tecnociencia-al-servicio-de-aberracion-opticas/"
SCC 140,"https://untref.edu.ar/mundountref/introduccion-teoria-judith-butler, https://untref.edu.ar/mundountref/lina-meruane-genero"
SCC 141,"https://untref.edu.ar/mundountref/foro-interuniversitario-tango-especialistas, https://untref.edu.ar/mundountref/foro-interuniversitario-tango-argentino"
SCC 142,https://untref.edu.ar/muntref/horizontes-de-sal-alejandra-isler-2/
SCC 143,"https://untref.edu.ar/muntref/es/muestras/no-digas-que-no-se-atrapar-el-viento-de-claudia-coca, https://untref.edu.ar/muntref/es/muestras/la-relacion-entre-los-seres-humanos-y-la-naturaleza-a-traves-del-arte/claudia-coca_no-digas-que-no-se-atrapar-el-viento_6/"
SCC 144,https://untref.edu.ar/llamado-a-concurso-cerrado-de-oposicion-y-antecedentes-para-cubrir-cargos-del-personal-no-docente
SCC 145,"https://untref.edu.ar/normativa-institucional, https://untref.edu.ar/programa-de-estudios-posdoctorales"
SCC 146,https://untref.edu.ar/mundountref/cercania-geografica-y-prestigio-profesional-las-claves-en-una-nueva-entrega-de-diplomas
SCC 147,"https://untref.edu.ar/mundountref/turn-proyecto-costumbres-ancestrales-comunidades-bienalsur, https://untref.edu.ar/muntref/museo-de-artes-visuales/"
SCC 148,"https://untref.edu.ar/mundountref/tags/tecnologia, https://untref.edu.ar/mundountref/innova-revista-ciencia-tecnologia, https://untref.edu.ar/mundountref/acceso-archivos-visibilizacion-diversidad-sexual, https://untref.edu.ar/mundountref/charlas-ciencia-de-datos"
SCC 149,"https://untref.edu.ar/untref37/index.php/mundountref/en-la-colacion-de-grado-y-posgrado-martin-kaufmann-llamo-a-defender-la-universidad-publica, https://untref.edu.ar/untref37/index.php/mundountref/piscitelli-la-danza-de-la-economia-regenerativa-necesita-que-naturaleza-y-tecnologia-vayan-juntas"
SCC 150,"https://untref.edu.ar/muntref/es/muestras/muestra-de-ali-kazma-en-el-muntref-centro-de-arte-contemporaneo, https://untref.edu.ar/muntref/es/muestras/muestra-de-ali-kazma-en-el-muntref-centro-de-arte-contemporaneo/ak_16/"
SCC 151,"https://untref.edu.ar/mundountref/andres-gribnicow-gestion-arte-y-la-cultura, https://untref.edu.ar/mundountref/tags/arte, https://untref.edu.ar/mundountref/festival-enlaces, https://untref.edu.ar/mundountref/bienalsur-en-paraguay, https://untref.edu.ar/mundountref/jornadas-gestion-cultural, https://untref.edu.ar/mundountref/inauguracion-bim, https://untref.edu.ar/mundountref/tags/cuerpo-de-obra, https://untref.edu.ar/mundountref/cuerpo-de-obra-gabriela-golder-arte-visual, https://untref.edu.ar/mundountref/montevideo-primer-encuentro-bienalsur, https://untref.edu.ar/mundountref/sonorama-en-el-ciclo-de-conciertos-para-ensambles, https://untref.edu.ar/mundountref/el-km-0-sera-el-faro-de-la-bienalsur, https://untref.edu.ar/mundountref/la-delio-valdez-estuvo-en-el-xirgu-espacio-untref, https://untref.edu.ar/mundountref/en-bienalsur-la-moda-y-el-arte-comprometido-van-de-la-mano, https://untref.edu.ar/mundountref/bienalsur-2019-sigue-su-recorrido-por-el-pais-y-desembarca-en-brasil-y-suiza"
SCC 152,"https://untref.edu.ar/index.php/;digitalobject/list, https://untref.edu.ar/untref37/index.php/mundountref/daniel-link-la-inteligencia-artificial-carece-de-imaginacion"
SCC 153,"https://untref.edu.ar/mundountref/la-comunidad-untref-exhibio-sus-proyectos-en-la-3a-edicion-del-tanque-de-ideas, https://untref.edu.ar/sitios/cidem/emprendedores.html"
SCC 154,https://untref.edu.ar/mundountref/maestria-en-periodismo-documental-internacional
SCC 155,"https://untref.edu.ar/mundountref/la-untref-y-el-cresur-de-mexico-lanzan-una-diplomatura-sobre-descolonizacion-de-la-educacion, https://untref.edu.ar/mundountref/diplomatura-superior-america-latina-contemporanea"
SCC 156,"https://untref.edu.ar/mundountref/oportunidad-empresarial-alumnos, https://untref.edu.ar/mundountref/llega-paka-data-noticiero-para-chicos"
SCC 157,https://untref.edu.ar/muntref/05786jimenasalvatierra_37/
SCC 158,"https://untref.edu.ar/sitios/mgaie/noticias/page/2/, https://untref.edu.ar/sitios/mgaie/1411-como-conformar-grupos-heterogeneos-entre-si/"
SCC 159,https://untref.edu.ar/muntref/mnf00447_mauro-franceschetti_inauguracion-hogar-dulce-hogar-caseros-ii_april-28-2018/
SCC 160,https://untref.edu.ar/mundountref/realidad-virtual-y-360-en-doc-buenos-aires
SCC 161,https://untref.edu.ar/events/i-jornadas-internacionales-de-estudios-sobre-fotografia-2
SCC 162,"https://untref.edu.ar/muntref/en/noticias/the-center-for-art-and-nature-ideas-laboratory/, https://untref.edu.ar/muntref/en/noticias/international-open-call-towards-bienalsur-2023/"
SCC 163,"https://untref.edu.ar/sitios/mgaie/plan-de-estudios/, https://untref.edu.ar/sitios/mgaie/novedades/xlviii-coloquio-argentino-de-estadistica-que-se-llevara-a-cabo-entre-el-27-y-30-de-octubre-de-2020/"
SCC 164,"https://untref.edu.ar/muntref/05786jimenasalvatierra_83/, https://untref.edu.ar/muntref/es/virtual-tours"
SCC 165,https://untref.edu.ar/mundountref/muestras-bienalsur-europa-latinoamerica
SCC 166,"https://untref.edu.ar/mundountref/leo-sujatovich-lanzo-su-nuevo-disco-en-el-teatro-xirgu, https://untref.edu.ar/mundountref/un3-presenta-soledad-villamil-xirgu"
SCC 167,"https://untref.edu.ar/muntref, https://untref.edu.ar/muntref/es/muestras/analisis-y-representacion-sensible-de-datos-ayrsd, https://untref.edu.ar/muntref/es/muestras/analisis-y-representacion-sensible-de-datos-ayrsd/copia-de-img_5456/, https://untref.edu.ar/muntref/es/muestras/analisis-y-representacion-sensible-de-datos-ayrsd/copia-de-foto1/"
SCC 168,https://untref.edu.ar/mundountref/victoria-untref-ciudad-voley
SCC 169,https://untref.edu.ar/muntref/05786jimenasalvatierra_100/
SCC 170,"https://untref.edu.ar/muntref/es/acerca-de-muntref, https://untref.edu.ar/muntref/es/museo-de-artes-visuales"
SCC 171,https://untref.edu.ar/mundountref/marcelo-bergman-no-hay-recetas-universales-para-atacar-al-delito-y-la-criminalidad
SCC 172,"https://untref.edu.ar/sitios/enlaces/seccion/objetivos/, https://untref.edu.ar/sitios/enlaces/seccion/participantes/"
SCC 173,"https://untref.edu.ar/mundountref/informe-cistas-ruido, https://untref.edu.ar/mundountref/desarrollo-workshow-2017"
SCC 174,https://untref.edu.ar/muntref/es/
SCC 175,"https://untref.edu.ar/mundountref/comunidad-bruno-villafane, https://untref.edu.ar/mundountref/Maricela-cuello-licenciatura-en-estadistica"
SCC 176,https://untref.edu.ar/muntref/xyzjorge-macchiruleman-irina-kirchuk/
SCC 177,"https://untref.edu.ar/mundountref/escritura-creativa-premios, https://untref.edu.ar/mundountref/programa-nexos-untref-secundario"
SCC 178,"https://untref.edu.ar/mundountref/tags/podcast, https://untref.edu.ar/mundountref/un-brindis-y-un-podcast-para-celebrar-las-obras-completas-de-ruben-dario "
SCC 179,"https://untref.edu.ar/mundountref/podcast-comunidad-convergencia-digital-episodio-nueve-julia-montesoro, https://untref.edu.ar/mundountref/comunidad-aida-arrueta-podcast-enfermeria-voluntariado-contactos-estrechos"
SCC 180,"https://untref.edu.ar/muntref/es/noticias/nueva-edicion-de-la-noche-de-los-museos-en-muntref-inmigrantes/, https://untref.edu.ar/muntref/es/noticias/nuevo-vitral-de-luis-felipe-noe-en-muntref-inmigrantes-2/"
SCC 181,"https://untref.edu.ar/mundountref/tags/iiac, https://untref.edu.ar/mundountref/presentacion-del-archivo-iiac"
SCC 182,"https://untref.edu.ar/mundountref/programa-de-pasantias-y-practicas-pre-profesionales-para-alumnos, https://untref.edu.ar/instituto/iiac-instituto-de-investigacion-en-arte-y-cultura"
SCC 183,"https://untref.edu.ar/mundountref/donacion-mascaras-coronavirus, https://untref.edu.ar/mundountref/llamado-solidario-covid-19-barrio-ejercito-de-los-andes"
SCC 184,"https://untref.edu.ar/mundountref/tags/secundaria, https://untref.edu.ar/mundountref/tags/libro, https://untref.edu.ar/mundountref/ceg-exterior"
SCC 185,"https://untref.edu.ar/mundountref/el-novelista-frances-pascal-quignard-participa-de-la-serie-de-lecturas-frost, https://untref.edu.ar/sitios/mec/ss/frost/"
SCC 186,"https://untref.edu.ar/mundountref/leo-sujatovich-presenta-las-ilusiones-argentinas, https://untref.edu.ar/mundountref/untref-sonoro-presenta-a-leo-sujatovich"
SCC 187,"https://untref.edu.ar/mundountref/jornada-pensar-la-ciudad-buenos-aires-ceipsu, https://untref.edu.ar/mundountref/acto-colacion-diciembre-2018"
SCC 188,"https://untref.edu.ar/mundountref/tags/premios, https://untref.edu.ar/mundountref/un3-premios-festival-die-seriale-alemania, https://untref.edu.ar/mundountref/nueva-edicion-bim, https://untref.edu.ar/muntref/centro-de-arte-contemporaneo/, https://untref.edu.ar/mundountref/tags/un3, https://untref.edu.ar/mundountref/nuevas-producciones-audiovisuales, https://untref.edu.ar/mundountref/tony-un3, https://untref.edu.ar/mundountref/UN3-primera-película-festival-mar-del-plata, https://untref.edu.ar/mundountref/tags/xirgu, https://untref.edu.ar/mundountref/manantial-beat-tercera-fecha-xirgu, https://untref.edu.ar/mundountref/oiant-octubre-brasil-xirgu, https://untref.edu.ar/mundountref/tags/documental, https://untref.edu.ar/mundountref/doc-untref-instrumentos-antiguos, https://untref.edu.ar/mundountref/tags/videojuegos, https://untref.edu.ar/mundountref/catcha-untref-media-mip-junior, https://untref.edu.ar/mundountref/un3-nominado-para-los-premios-democracia"
SCC 189,"https://untref.edu.ar/comite-interdisciplinario-de-violencia-de-g%C3%A9nero, https://untref.edu.ar/carreras, https://untref.edu.ar/alumnos-de-posgrado, https://untref.edu.ar/carrera/administracion-y-gestion-de-politicas-sociales"
SCC 190,https://untref.edu.ar/untref-corre
SCC 191,"https://untref.edu.ar/sitios/enlaces/musica/, https://untref.edu.ar/sitios/enlaces/charlas-y-debates/"
SCC 192,"https://untref.edu.ar/muntref/eugenia-calvo_powerful-lessons-6/, https://untref.edu.ar/muntref/es/press"
SCC 193,"https://untref.edu.ar/muntref/es/noticias/max-de-esteban-e-ivan-gomez-gutierrez-protagonistas-de-las-inauguraciones-del-26-de-octubre-en-el-muntref-inmigrantes/, https://untref.edu.ar/muntref/es/ubicacion"
SCC 194,"https://untref.edu.ar/mundountref/salud-y-genero-las-asimetrias-a-la-hora-de-recibir-cuidados, https://untref.edu.ar/posgrado/especializacion-en-educacion-y-promocion-de-la-salud"
SCC 195,"https://untref.edu.ar/muntref/en/muestras/for-all-people-in-the-world, https://untref.edu.ar/muntref/en/autoridades-muntref, https://untref.edu.ar/muntref/en/ubicacion"
SCC 196,https://untref.edu.ar/muntref/fernando-farina_montaje-obra-hogar-dulce-hogar/
SCC 197,"https://untref.edu.ar/muntref/es/educacion/adolescentes/, https://untref.edu.ar/muntref/es/educacion/educadores/"
SCC 198,https://untref.edu.ar/muntref/es/noticias/max-de-esteban-e-ivan-gomez-gutierrez-protagonistas-de-las-nuevas-muestras-del-muntref-inmigrantes/
SCC 199,https://untref.edu.ar/muntref/es/archivo-de-muestras/a2024
SCC 200,"https://untref.edu.ar/mundountref/tags/untref-saludable, https://untref.edu.ar/mundountref/tags/tips"
SCC 201,"https://untref.edu.ar/mundountref/suspencion-actividades-hasta-20-marzo-2020, https://untref.edu.ar/mundountref/familia-deporte-y-salud-las-claves-de-la-10o-untref-corre"
SCC 202,"https://untref.edu.ar/mundountref/la-fraternidad-del-desierto-se-estrena-en-buenos-aires, https://untref.edu.ar/mundountref/tags/sociologia"
SCC 203,"https://untref.edu.ar/mundountref/tags/america-latina, https://untref.edu.ar/mundountref/proyecto-sikuriada-cultura-andina-musica-extencion"
SCC 204,"https://untref.edu.ar/mundountref/tags/cidem, https://untref.edu.ar/mundountref/programa-formacion-mandos-medios-cidem"
SCC 205,"https://untref.edu.ar/mundountref/tags/concierto, https://untref.edu.ar/mundountref/destacada-presentacion-de-hilda-herrera-en-caseros, https://untref.edu.ar/mundountref/galeria-macha-bloque-depresivo, https://untref.edu.ar/mundountref/muestra-musica-maestra-2018, https://untref.edu.ar/mundountref/tags/orquesta, https://untref.edu.ar/mundountref/sofia-viola-presento-a-mi-no-en-el-xirgu"
SCC 206,"https://untref.edu.ar/mundountref/charla-jozami-pedro-problemas-desafios-educacion-superior, https://untref.edu.ar/mundountref/estudiantes-secundaria-expountref"
SCC 207,"https://untref.edu.ar/sitios/mgaie/cursos-extracurriculares-en-estadistica-aplicada-mayo-2/, https://untref.edu.ar/sitios/mgaie/jornadas-sobre-herramientas-estadisticas-2018-mayo/"
SCC 208,https://untref.edu.ar/mundountref/la-untref-ofrece-cursos-de-verano
SCC 209,"https://untref.edu.ar/mundountref/tags/, https://untref.edu.ar/mundountref/tags/educacion-intercultural, https://untref.edu.ar/mundountref/tags/orientacion-vocacional-y-educativa, https://untref.edu.ar/mundountref/tags/maestria-en-escritura-creativa-trabajos, https://untref.edu.ar/mundountref/tags/ingenieria-de-sonido, https://untref.edu.ar/mundountref/tags/hibridos, https://untref.edu.ar/mundountref/conociendo-las-profundidades, https://untref.edu.ar/mundountref/tags/eventos, https://untref.edu.ar/mundountref/expountref-2018-estudiantes, https://untref.edu.ar/mundountref/tags/especializacion-en-estudios-indoamericanos, https://untref.edu.ar/mundountref/tags/carrera-tag-test"
SCC 210,"https://untref.edu.ar/muntref/es/archivo-de-muestras/a2016, https://untref.edu.ar/muntref/es/muestras/leandro-erlich, https://untref.edu.ar/muntref/es/archivo-de-muestras/a2018, https://untref.edu.ar/muntref/es/archivo-de-muestras/a2022, https://untref.edu.ar/muntref/es/muestras/soberania-de-la-percepcion, https://untref.edu.ar/muntref/es/muestras/coleccion-muntref-capitulo-ii"
SCC 211,"https://untref.edu.ar/muntref/es/noticias/muntref-recorridos-virtuales-unicos-en-la-region/, https://untref.edu.ar/muntref/es/muestras/del-mediterraneo-oriental-al-plata"
SCC 212,"https://untref.edu.ar/muntref/es/prensa, https://untref.edu.ar/muntref/es/muestras/ivan-gomez-gutierrez-la-caja-y-el-secreto, https://untref.edu.ar/muntref/es/centro-de-arte-contemporaneo/acerca-de-cac/, https://untref.edu.ar/muntref/es/museo-de-la-inmigracion, https://untref.edu.ar/muntref/es/noticias/la-app-museum-view-muntref-incorporo-nuevas-experiencias-inmersivas-3/"
SCC 213,"https://untref.edu.ar/sitios/gac/bienvenida-2/, https://untref.edu.ar/sitios/gac/tesis-de-grado-2/"
SCC 214,"https://untref.edu.ar/mundountref/tags/ceipsu, https://untref.edu.ar/mundountref/pensar-la-ciudad-buenos-aires-jornada"
SCC 215,"https://untref.edu.ar/mundountref/inauguracion-de-la-muestra-graciela-sacco-nada-esta-donde-se-cree, https://untref.edu.ar/muntrefcac@untref.edu.ar"
SCC 216,https://untref.edu.ar/mundountref/muntref-docuntref-arte
SCC 217,"https://untref.edu.ar/mundountref/confirmacion-inscripciones-2020, https://untref.edu.ar/mundountref/sancion-ley-provincial-psicomotricidad"
SCC 218,"https://untref.edu.ar/mundountref/tags/periodismo-documental, https://untref.edu.ar/mundountref/tags/fotografia, https://untref.edu.ar/mundountref/estreno-documentales-malvinas-cinear-canal-encuentro"
SCC 219,"https://untref.edu.ar/mundountref/entrega-de-diplomas-de-posgrado-2018, https://untref.edu.ar/mundountref/louta-estuvo-en-el-xirgu-espacio-untref"
SCC 220,https://untref.edu.ar/mundountref/charla-abierta-con-bill-orcutt
SCC 221,https://untref.edu.ar/events/iv-foro-internacional-narrativas-en-las-fronteras-los-nuevos-viejos-relatos-de-la-actualidad-4
SCC 222,"https://untref.edu.ar/mundountref/homenajes-quino, https://untref.edu.ar/mundountref/charla-vivo-streaming-estructura-social-latinoamerica"
SCC 223,"https://untref.edu.ar/mundountref/tags/charlas, https://untref.edu.ar/mundountref/encuentro-historia-periodismo-porteño-la-prensa, https://untref.edu.ar/mundountref/bienalsur-2021-encuentro-virtual, https://untref.edu.ar/mundountref/bienalsur-primera -quincena-agosto, https://untref.edu.ar/mundountref/50-anos-mayo-frances, https://untref.edu.ar/mundountref/charlas-virtuales-genero-diversidad-sexual, https://untref.edu.ar/mundountref/tags/celiv, https://untref.edu.ar/mundountref/carceles-argentinas-condiciones-hacinamiento, https://untref.edu.ar/mundountref/-ediciones-obra-antonio-gramsci, https://untref.edu.ar/mundountref/bill-orcutt-visito-la-universidad, https://untref.edu.ar/mundountref/ciclo-de-charlas-sociedad-y-pandemia, https://untref.edu.ar/mundountref/bienalsur-2021-quinto-encuentro"
SCC 224,"https://untref.edu.ar/mundountref/finalizo-primera-serie-encuentros-virtuales-hacia-bienalsur-2021, https://untref.edu.ar/mundountref/bienalsur-en-buenos-aires-tucuman-y-paris"
SCC 225,"https://untref.edu.ar/mundountref/tags/artes-del-circo, https://untref.edu.ar/mundountref/la-untref-lanza-una-formacion-internacional-y-gratuita-en-artes-del-circo, https://untref.edu.ar/mundountref/transmision-en-vivo-artes-de-circo"
SCC 226,"https://untref.edu.ar/muntref/es/muestras/imagenes-sudamericanas/, https://untref.edu.ar/muntref/es/muestras/imagenes-sudamericanas/formas-de-la-costa-1991/"
SCC 227,"https://untref.edu.ar/mundountref/feminismos-negros-y-marrones-cuando-la-etnia-y-el-genero-son-ejes-de-la-opresion, https://untref.edu.ar/mundountref/conocimiento-arte-ciencia"
SCC 228,"https://untref.edu.ar/muntref/es/muestras/coleccion-muntref-capitulo-ii/, https://untref.edu.ar/muntref/es/muestras/coleccion-muntref-capitulo-ii/01-plano-general-29/, https://untref.edu.ar/muntref/es/muestras/coleccion-muntref-capitulo-ii/35-carlos-sessano-1/"
SCC 229,"https://untref.edu.ar/mundountref/tags/ingenieria, https://untref.edu.ar/mundountref/tags/internacional, https://untref.edu.ar/mundountref/bienalsur-cierre-arabia-saudita, https://untref.edu.ar/mundountref/posgrados-2019-estudios-internacionales, https://untref.edu.ar/mundountref/posgrados-2019-educacion, https://untref.edu.ar/mundountref/innovación-energía-nuclear- viabilidad-económica, https://untref.edu.ar/mundountref/seminario-rumania-minorias, https://untref.edu.ar/mundountref/precariedad-estres-trabajo, https://untref.edu.ar/mundountref/asia-india-argentina-economia, https://untref.edu.ar/mundountref/bienalsur-en-tucuman, https://untref.edu.ar/mundountref/estreno-un3-feriados, https://untref.edu.ar/mundountref/la-maestria-en-escritura-creativa-en-bolivia, https://untref.edu.ar/mundountref/festival-cine-epa, https://untref.edu.ar/mundountref/nestor-barraza-congreso-internacional-software, https://untref.edu.ar/mundountref/convocatoria-para-las-becas-de-estimulo-a-las-vocaciones-cientificas"
SCC 230,"https://untref.edu.ar/mundountref/bienalsur-noviembre-arabia-saudita-buenos-aires-latinoamerica, https://untref.edu.ar/mundountref/bienalsur-entre-latinoamerica-y-europa"
SCC 231,"https://untref.edu.ar/mundountref/violencia-de-genero-y-pandemia, https://untref.edu.ar/sitios/ceipsu"
SCC 232,https://untref.edu.ar/mundountref/la-mirada-de-garcia-canclini-sobre-la-bienalsur
SCC 233,"https://untref.edu.ar/mundountref/untref-rugby-campeon, https://untref.edu.ar/mundountref/untref-voley-inicia-pretemporada-2017-2018"
SCC 234,"https://untref.edu.ar/mundountref/ajedrez-copa-ushuaia, https://untref.edu.ar/mundountref/tags/torneos"
SCC 235,https://untref.edu.ar/mundountref/fiesta-del-deporte-premios
SCC 236,https://untref.edu.ar/mundountref/oiant-reconstruccion-instrumentos-catedral-santiago-compostela
SCC 237,https://untref.edu.ar/muntref/en/muestras/noe-2/
SCC 238,"https://untref.edu.ar/sitios/gac/realizamos-una-charla-sobre-cine-y-literatura-en-el-12-festival-enlaces/, https://untref.edu.ar/sitios/gac/redes-y-cultura-colaborativa-la-construccion-colectiva-como-marca-de-identidad/"
SCC 239,https://untref.edu.ar/mundountref/24-Marzo-Plantamos-memoria-UNTREF
SCC 240,"https://untref.edu.ar/mundountref/tags/artes-electronicas, https://untref.edu.ar/mundountref/seminario-interfaz-tania-aedo, https://untref.edu.ar/mundountref/tags/mucho-mas-untref"
SCC 241,https://untref.edu.ar/events/i-congreso-internacional-sudamericano-de-historia-del-arte-xvi-jornadas-de-historia-del-arte-1
SCC 242,"https://untref.edu.ar/mundountref/honoris-causa-para-agnes-heller, https://untref.edu.ar/mundountref/agnes-heller-en-la-argentina"
SCC 243,https://untref.edu.ar/sitios/mgaie/cursos-extracurriculares/
SCC 244,"https://untref.edu.ar/mundountref/tags/proyectos, https://untref.edu.ar/mundountref/proyecto-bazu-ganador-untref-emprende"
SCC 245,https://untref.edu.ar/mundountref/el-curso-de-ingreso-sera-intensivo-y-abarcara-los-meses-de-febrero-y-marzo
SCC 246,"https://untref.edu.ar/mundountref/untref-voley-segundo-lugar-liga, https://untref.edu.ar/mundountref/pandemia-cooperacion-francia-argentina-ciencia-cultura"
SCC 247,"https://untref.edu.ar/mundountref/posgrados-2019-ciencias-sociales, https://untref.edu.ar/mundountref/posgrados-2019-ciencias-gestion"
SCC 248,https://untref.edu.ar/mundountref/galeria-thee-oh-sees
SCC 249,"https://untref.edu.ar/muntref/es/muestras/la-relacion-entre-los-seres-humanos-y-la-naturaleza-a-traves-del-arte/, https://untref.edu.ar/muntref/es/muestras/la-relacion-entre-los-seres-humanos-y-la-naturaleza-a-traves-del-arte/pablo-la-padula_gabinete-biologico-2018-instalacion-de-objetos-y-dibujos-biologicos-en-vitrina-horizontal-200-x-100-x-90-cm_03/, https://untref.edu.ar/muntref/es/muestras/la-relacion-entre-los-seres-humanos-y-la-naturaleza-a-traves-del-arte/pablo-la-padula-el-coctel-del-rinoceronte-2018-dibujo-sobre-vidrio-60-x-90-cm/"
SCC 250,"https://untref.edu.ar/comunicacion-y-prensa, https://untref.edu.ar/press/2021/9, https://untref.edu.ar/press/2023/5, https://untref.edu.ar/press/2018/3, https://untref.edu.ar/press/2019/9, https://untref.edu.ar/press/2017/10, https://untref.edu.ar/press/2018/10"
SCC 251,https://untref.edu.ar/mundountref/tags/tango
SCC 252,"https://untref.edu.ar/mundountref/convenio-club-sirio-libanes-buenos-aires, https://untref.edu.ar/mundountref/UNTREF-UNIVERSIDAD-PUNTA-SAN-LUIS"
SCC 253,"https://untref.edu.ar/mundountref/la-inclusion-educativa-como-aspecto-clave-para-el-desarrollo-de-la-ensenanza-universitaria, https://untref.edu.ar/sitios/ciea/programa-y-proyecto/programa-redes-de-trabajo-interdisciplinario/"
SCC 254,"https://untref.edu.ar/sitios/gac/docentes/marina-zerbarini/, https://untref.edu.ar/sitios/gac/docentes/matias-maggio-ramirez/"
SCC 255,"https://untref.edu.ar/sitios/cidem/equipo.html, https://untref.edu.ar/emprendedores.html"
SCC 256,"https://untref.edu.ar/muntref/en/press, https://untref.edu.ar/muntref/en/center-of-contemporary-art, https://untref.edu.ar/muntref/en/muestras/from-the-eastern-mediterranean-to-the-plata, https://untref.edu.ar/muntref/es/muestras/del-mediterraneo-oriental-al-plata/dsc_0231/"
SCC 257,https://untref.edu.ar/muntref/05786jimenasalvatierra_35/
SCC 258,https://untref.edu.ar/mundountref/tags/voley
SCC 259,"https://untref.edu.ar/instituto/iiac-instituto-de-investigacion-en-arte-y-cultura-dr-norberto-griffa/, https://untref.edu.ar/instituto/archivo-instituto-de-investigacion-en-arte-y-cultura-dr-norberto-griffa, https://untref.edu.ar/instituto/centro-interdisciplinario-en-estudios-y-politicas-de-genero, https://untref.edu.ar/investigadores-martin-acebal"
SCC 260,"https://untref.edu.ar/mundountref/estudiantes-olimpiada-universitaria, https://untref.edu.ar/mundountref/untref-ganador-copa-challenge"
SCC 261,"https://untref.edu.ar/mundountref/transmision-vivo-internet-algoritmos-sociedad, https://untref.edu.ar/mundountref/dengue-en-argentina"
SCC 262,https://untref.edu.ar/events/ciclo-ecologia-de-saberes
SCC 263,"https://untref.edu.ar/mundountref/giselle-soler-patinaje-artistico, https://untref.edu.ar/mundountref/psicomotricidad-untref-margarita-dominguez, https://untref.edu.ar/mundountref/tags/extension, https://untref.edu.ar/mundountref/accion-solidaria-donacion-de-sangre-hospital-garrahan, https://untref.edu.ar/mundountref/fiesta-ajedrez-cedem, https://untref.edu.ar/mundountref/capacitaciones-prevencion-violencia-genero-ley-micaela, https://untref.edu.ar/mundountref/conferencia-de-timothy-clark"
SCC 264,"https://untref.edu.ar/mundountref/tags/musica, https://untref.edu.ar/mundountref/la-familia-de-ukeleles-lleno-de-ritmo-el-xirgu, https://untref.edu.ar/mundountref/6ta-temporada-ciclo-musica-piano, https://untref.edu.ar/mundountref/concierto-dia-internacional-musica, https://untref.edu.ar/mundountref/tags/doc-untref"
SCC 265,https://untref.edu.ar/muntref/lazos-de-cobalto-candela-del-valle/
SCC 266,https://untref.edu.ar/mundountref/tags/unesco
SCC 267,https://untref.edu.ar/mundountref/bim-bienal-arte-movimiento-2020
SCC 268,https://untref.edu.ar/mundountref/la-lupa-practicas-de-cuidado-podcast
SCC 269,"https://untref.edu.ar/mundountref/semana-mundial-inversores-inversoras-acrup, https://untref.edu.ar/mundountref/capacitacion-emprendedores-cidem"
SCC 270,"https://untref.edu.ar/mundountref/viii-congreso-iberoamericano-pedagogia, https://untref.edu.ar/mundountref/jaas-ingenieria-sonido, https://untref.edu.ar/uploads/Formularios/JAAS-4/"
SCC 271,"https://untref.edu.ar/catedra-unesco-de-educacion-superior-y-pueblos-indigenas-y-afrodescendientes-en-america-latina, https://untref.edu.ar/cursos"
SCC 272,"https://untref.edu.ar/mundountref/tags/alumnos, https://untref.edu.ar/mundountref/posgradudados-imagenes, https://untref.edu.ar/mundountref/galeria-acto-colacion-diciembre-2018, https://untref.edu.ar/mundountref/untref-emprende-concurso-estudiantes, https://untref.edu.ar/mundountref/balance-protocolo-genero, https://untref.edu.ar/mundountref/alumnos-secundaria-proyectos-mala-praxis, https://untref.edu.ar/mundountref/educacion-pandemia-gestion-clases-virtuales"
SCC 273,https://untref.edu.ar/mundountref/nota-deconstruccion-juventud-genero-luciana-arauz
SCC 274,"https://untref.edu.ar/muntref/es/muestras/diario-de-la-guerra, https://untref.edu.ar/muntref/es/muestras/diario-de-la-guerra/malvisa03/"
SCC 275,"https://untref.edu.ar/mundountref/tags/produccion-audiovisual, https://untref.edu.ar/mundountref/tags/series-web, https://untref.edu.ar/mundountref/estreno-el-galan-de-venecia, https://untref.edu.ar/mundountref/tarde-baby-un3-malena-pichot, https://untref.edu.ar/mundountref/la-pixelada-estreno-un3, https://untref.edu.ar/mundountref/estreno-historias-migrantes-un3, https://untref.edu.ar/mundountref/tips-audicion-cuidados, https://untref.edu.ar/mundountref/series-gratuitas-un3-cuarentena, https://untref.edu.ar/mundountref/trayectorias-felix-pena"
SCC 276,"https://untref.edu.ar/mundountref/tags/economia, https://untref.edu.ar/mundountref/relaciones-argentina-china-politica-exterior, https://untref.edu.ar/mundountref/tags/migraciones, https://untref.edu.ar/mundountref/minorizados-migrantes-simposio-lasa, https://untref.edu.ar/muntref/museo-de-la-inmigracion/"
SCC 277,https://untref.edu.ar/untref-saludable
SCC 278,https://untref.edu.ar/mundountref/voley-amateur-masculino-femenino-ascenso
SCC 279,"https://untref.edu.ar/mundountref/tags/flisol, https://untref.edu.ar/mundountref/la-universidad-nacional-de-tres-de-febrero-fue-sede-del-flisol"
SCC 280,"https://untref.edu.ar/mundountref/eduardo-jozami-ddhh-cem-ministerio-de-defensa, https://untref.edu.ar/mundountref/fallecio-el-docente-pedro-fernando-nunez, https://untref.edu.ar/mundountref/muestra-homenaje-sacco-muntref"
SCC 281,"https://untref.edu.ar/mundountref/tags/cultura, https://untref.edu.ar/mundountref/tags/eduntref, https://untref.edu.ar/mundountref/tags/historia, https://untref.edu.ar/mundountref/presentacion-libro-nacional-popular-gino-germani, https://untref.edu.ar/mundountref/cistas-congreso-opera-latinoamerica, https://untref.edu.ar/mundountref/jornadas-acustica-audio-sonido, https://untref.edu.ar/mundountref/aporte-migrantes-argentina, https://untref.edu.ar/mundountref/miramuntref-contenido-audiovisual-mas-visto, https://untref.edu.ar/mundountref/gastronomia-molecular-iiac-internacional, https://untref.edu.ar/mundountref/nuevas-muestras-muntref-marzo-2019, https://untref.edu.ar/mundountref/centro-materia-capacitacion-museo-provincial-artes-la-pampa, https://untref.edu.ar/mundountref/bienalsur-el-arte-sin-fronteras, https://untref.edu.ar/mundountref/segunda-edicion-musica-maestra, https://untref.edu.ar/mundountref/distincion-musica-untref, https://untref.edu.ar/mundountref/miguel-angel-estrella-ciclo-conciertos-piano, https://untref.edu.ar/mundountref/bienalsur-2021, https://untref.edu.ar/mundountref/llega-bienalsur-2019, https://untref.edu.ar/mundountref/historias-de-migrantes-muntref, https://untref.edu.ar/mundountref/la-materialidad-artistica-y-el-rol-de-la-interdisciplina-desde-la-mirada-de-los-especialistas"
SCC 282,"https://untref.edu.ar/mundountref/tags/institucional, https://untref.edu.ar/mundountref/salud-mental-durante-el-aislamiento, https://untref.edu.ar/mundountref/encuentro-gobernanza-global-delegacion-china, https://untref.edu.ar/mundountref/comienzan-preinscripciones-carreras-grado-2022, https://untref.edu.ar/mundountref/segundo-cuatrimestre-virtual-2020-covid-19, https://untref.edu.ar/mundountref/tags/ajedrez, https://untref.edu.ar/mundountref/inscripcion-2020-gestion-logistica-diplomaturas-untref-virtual, https://untref.edu.ar/mundountref/fiesta-fin-2019, https://untref.edu.ar/mundountref/tags/untref-virtual, https://untref.edu.ar/mundountref/inscripcion-2020-ciencias-sociales-diplomatura-untref-virtual, https://untref.edu.ar/mundountref/inscripcion-2020-untref-virtual-diplomaturas-gestion-logistica-distancia, https://untref.edu.ar/mundountref/capacitacion-financiera-pymes, https://untref.edu.ar/mundountref/untrefvoley-liga-argentina-2018, https://untref.edu.ar/mundountref/convenio-con-gobierno-nacional-finalizar-nueva-sede, https://untref.edu.ar/mundountref/tags/galeria-de-fotos, https://untref.edu.ar/mundountref/docentes-no-docentes-homenaje-trayectoria, https://untref.edu.ar/mundountref/semidawi-y-la-orquesta-fernandez-fierro-xirgu, https://untref.edu.ar/mundountref/primera-camada-gestion-turistica-patrimonio-tucuman"
SCC 283,"https://untref.edu.ar/mundountref/inscripcion-deportes-untref, https://untref.edu.ar/mundountref/foro-seminario-raza-racismo-discrminiacion"
SCC 284,"https://untref.edu.ar/mundountref/articulos, https://untref.edu.ar/mundountref/UN3-estrena-julia-Off , https://untref.edu.ar/mundountref/mala-praxis-continua-su-intervencion-en-las-aulas-de-secundaria, https://untref.edu.ar/mundountref/cortometrajes-gratuitos-covid-19-maestria-periodismo, https://untref.edu.ar/mundountref/estreno-exclusivo-de-flow-esto-no-es-un-hotel-una-coproduccion-del-canal-un3, https://untref.edu.ar/mundountref/dia-del-nino-en-muntref, https://untref.edu.ar/mundountref/sigamos-creciendo-juntos-en-2018, https://untref.edu.ar/mundountref/covid-19-velocidad-de-propagacion, https://untref.edu.ar/mundountref/ottmar-ette-literatura-mundo-potencia-vida, https://untref.edu.ar/mundountref/preinscripcion-online-a-las-carreras-2017, https://untref.edu.ar/mundountref/ejercicios-de-memoria, https://untref.edu.ar/mundountref/preinscripcion-online-carreras-2020, https://untref.edu.ar/mundountref/historico-ascenso-del-voley-femenino-de-la-untref, https://untref.edu.ar/mundountref/despedimos-el-2020-gracias-por-acompanarnos, https://untref.edu.ar/mundountref/obra-terminada-untref-aumenta-cantidad-de-alumnos, https://untref.edu.ar/mundountref/recuperaran-la-obra-ensayistica-del-escritor-argentino-juan-rodolfo-wilcock, https://untref.edu.ar/mundountref/la-untref-y-el-municipio-de-tigre-firman-un-convenio-de-proteccion-medioambiental, https://untref.edu.ar/mundountref/estreno-tercer-cuerpo-en-el-xirgu-espacio-untref, https://untref.edu.ar/mundountref/diseno-arte-nuevo-seminario-de-posgrado, https://untref.edu.ar/mundountref/mesa-bienal-de-venecia-2013, https://untref.edu.ar/mundountref/el-regreso-mas-esperado-el-equipo-masculino-de-untref-voley-logro-el-ascenso, https://untref.edu.ar/mundountref/marble-legends-videojuego-untrefmedia, https://untref.edu.ar/mundountref/bienalsur-realiza-inauguraciones-en-buenos-aires-e-islas-canarias, https://untref.edu.ar/mundountref/acciones-bienalsur-mundo-academico, https://untref.edu.ar/mundountref/materia-americana-reconocimiento-arte, https://untref.edu.ar/mundountref/untref-media-premiada-en-los-atvc, https://untref.edu.ar/mundountref/la-oiant-cerro-con-exito-su-gira-por-mexico, https://untref.edu.ar/mundountref/charla-marketing-sociedad, https://untref.edu.ar/mundountref/charla-convergencia-digital-imagen, https://untref.edu.ar/mundountref/argentina-suena-cd, https://untref.edu.ar/mundountref/el-presupuesto-a-la-educacion-sufrio-un-recorte-del-35-en-los-ultimos-cuatro-anos, https://untref.edu.ar/mundountref/oiant-cck-harawi-ritual, https://untref.edu.ar/mundountref/los-diarios-titulan-con-encuestas-que-no-se-sabe-ni-de-donde-son-senalan-especialistas, https://untref.edu.ar/mundountref/prietto-y-poli-en-el-xirgu, https://untref.edu.ar/mundountref/conferencia-sobre-los-acuerdos-de-libre-comercio-y-su-impacto-en-la-region, https://untref.edu.ar/mundountref/erase-esta-vez-relatos-de-comienzo, https://untref.edu.ar/mundountref/silencio-ribera-untref-media-festival-mexico, https://untref.edu.ar/mundountref/la-construccion-del-conocimiento-mediante-la-relacion-arte-y-tecnologia, https://untref.edu.ar/mundountref/rogelio-frigerio-visito-muntref, https://untref.edu.ar/mundountref/revista-innova-ciencia-tecnologia-quinta-edicion, https://untref.edu.ar/mundountref/la-oiant-celebro-sus-20-anos-con-un-concierto-inolvidable, https://untref.edu.ar/mundountref/asumieron-las-nuevas-autoridades-de-la-universidad, https://untref.edu.ar/mundountref/convocatoria-escuela-complutense-latinoamericana-ecl, https://untref.edu.ar/mundountref/gira-oiant-argentina-brasil-peru, https://untref.edu.ar/mundountref/v-congreso-nacional-e-internacional-de-estudios-comparados-en-educacion, https://untref.edu.ar/mundountref/ingenieria-sonido-primera-graduada, https://untref.edu.ar/mundountref/el-crimen-organizado-en-el-cono-sur-en-debate, https://untref.edu.ar/mundountref/especialistas-en-cooperativismo-destacaron-el-rol-solidario-de-la-economia-social, https://untref.edu.ar/mundountref/conferencia-boaventura-de-sousa-santos, https://untref.edu.ar/mundountref/expountref-2014, https://untref.edu.ar/mundountref/hystorika-en-el-xirgu, https://untref.edu.ar/mundountref/cecilia-nieto-competira-en-los-juegos-panamericanos-de-natacion, https://untref.edu.ar/mundountref/untref-media-consejo-publicitario-contenidos-pandemia, https://untref.edu.ar/mundountref/beneficios-e-mail-cuentas-tuntref-estudiantes, https://untref.edu.ar/mundountref/festival-circo-untref, https://untref.edu.ar/mundountref/orquesta-untref-concierto-cck, https://untref.edu.ar/mundountref/jeremias-tejo-artes-circo-cambiar-el-rumbo, https://untref.edu.ar/mundountref/apertura-bienalsur-buenos-aires, https://untref.edu.ar/mundountref/inauguro-bienalsur-2021, https://untref.edu.ar/mundountref/estudio-cinea-resultado-programa-social, https://untref.edu.ar/mundountref/se-presento-el-libro-pier-pasolini-y-el-tercer-mundo, https://untref.edu.ar/mundountref/condecoran-a-anibal-jozami-como-oficial-de-la-orden-de-las-artes-y-las-letras, https://untref.edu.ar/mundountref/ingenieria-2014-latinoamerica-y-caribe-congreso-y-exposicion, https://untref.edu.ar/mundountref/jornada-de-donacion-para-el-hospital-garrahan, https://untref.edu.ar/mundountref/sebastian-lopez-proyecto-gestion-deporte, https://untref.edu.ar/mundountref/convocatoria-para-el-programa-para-la-investigacion-universitaria-argentina, https://untref.edu.ar/mundountref/bienalsur-2023-se-inaugura-el-1-de-julio-en-mar-del-plata, https://untref.edu.ar/mundountref/conferencia-virtual-utopia-cultura-internet-agotamiento, https://untref.edu.ar/mundountref/despedimos-a-jose-pepe-paradiso, https://untref.edu.ar/mundountref/charla-completa-de-menchu-gutierrez-en-la-untref, https://untref.edu.ar/mundountref/muntref-inauguraciones-y-actividades-durante-las-vacaciones-de-invierno-2, https://untref.edu.ar/mundountref/informe-del-cinea-sobre-modelo-productivo, https://untref.edu.ar/mundountref/cursos-soevo, https://untref.edu.ar/mundountref/bienalsur-2019-montevideo-madrid-paris, https://untref.edu.ar/mundountref/el-embajador-de-israel-visito-muntref, https://untref.edu.ar/mundountref/casi-200-proyectos-de-ciencia-tecnologia-e-innovacion-en-favor-de-la-comunidad, https://untref.edu.ar/mundountref/los-nuevos-posgraduados-llamaron-a-defender-la-educacion-publica, https://untref.edu.ar/mundountref/estreno-teatral-ojo-por-ojo, https://untref.edu.ar/mundountref/termotanques-solares-comunitarios-un-proyecto-de-ingenieria-ambiental, https://untref.edu.ar/mundountref/finalizo-el-congreso-internacional-ruben-dario, https://untref.edu.ar/mundountref/inauguracion-muestra-deira-mas-alla-de-la-otra-figuracion, https://untref.edu.ar/mundountref/ un3-se-alzo-con-un-nuevo-martin-fierro-digital-con-la-serie-lxs-mentirosxs, https://untref.edu.ar/mundountref/nuevo-estreno-un3-cancelled, https://untref.edu.ar/mundountref/proyecto-diaspora-artes-electronicas, https://untref.edu.ar/mundountref/daniel-arroyo-charla-derechos-movimiento-economico, https://untref.edu.ar/mundountref/jornada-fracturas-desafios-trabajo, https://untref.edu.ar/mundountref/proyecto-ley-mejorar-calidad-acustica-ambiente, https://untref.edu.ar/mundountref/gramsci-ayer-y-hoy, https://untref.edu.ar/mundountref/afiches-del-peronismo-desde-1945-a-1955-contando-la-historia-con-imagenes, https://untref.edu.ar/mundountref/cerca-de-200-nuevos-graduados-recibieron-sus-diplomas, https://untref.edu.ar/mundountref/xii-congreso-internacional-museos-inclusivos, https://untref.edu.ar/mundountref/tags/coloquios, https://untref.edu.ar/mundountref/un3-participo-en-fidewa, https://untref.edu.ar/mundountref/conocer-el-conurbano-para-resolver-sus-problemas-la-mision-de-las-universidades, https://untref.edu.ar/mundountref/una-propuesta-que-incentiva-el-ingreso-a-la-educacion-superior, https://untref.edu.ar/mundountref/se-presento-oficialmente-el-libro-cincuenta-anos-de-educacion-en-la-argentina, https://untref.edu.ar/mundountref/la-industria-de-los-recursos-naturales-es-una-esperanza-para-el-futuro, https://untref.edu.ar/mundountref/untref-media-presento-catalogo-tecnologia-inmersiva, https://untref.edu.ar/mundountref/untref-judo-juegos-mundiales-universitarios, https://untref.edu.ar/mundountref/demografia-africana-migracion-e-ideologia-xenofobica-en-francia, https://untref.edu.ar/mundountref/lanzamiento-del-summer-2017, https://untref.edu.ar/mundountref/cidem-universidad-empresarios-pymes, https://untref.edu.ar/mundountref/episodio-7-pueblos-originarios-podcast, https://untref.edu.ar/mundountref/primeras-graduadas-de-psicomotricidad-en-jujuy, https://untref.edu.ar/mundountref/tags/graduados, https://untref.edu.ar/mundountref/cuerpodromo-gestion-delarte-ylacultura, https://untref.edu.ar/mundountref/llega-el-universo-conspira-a-la-pantalla-de-un3, https://untref.edu.ar/mundountref/maestria-artes-electronicas-escenario-internacional, https://untref.edu.ar/mundountref/propuestas-para-la-integracion-productiva-regional-y-global, https://untref.edu.ar/mundountref/suono-mobile-se-presento-en-el-ciclo-de-musica-para-ensambles, https://untref.edu.ar/mundountref/racismo-y-educacion-superior-en-estados-unidos, https://untref.edu.ar/mundountref/muntref-suma-dos-muestras-que-reflexionan-sobre-el-ambiente-y-el-espacio-tiempo, https://untref.edu.ar/mundountref/cada-vez-mas-deportistas-se-suman-al-programa-doble-carrera, https://untref.edu.ar/mundountref/las-vueltas-de-peron-un-libro-que-relata-sus-formas-de-hacer-politica, https://untref.edu.ar/mundountref/la-untref-es-pionera-en-incluir-la-perspectiva-de-genero-en-una-carrera-de-geografia, https://untref.edu.ar/mundountref/hoy-1800-hs-¡sumate-al-streaming-charla-de-apertura-primer-congreso-argentino-de-politicas-sociales, https://untref.edu.ar/mundountref/entrega-diplomas-posgrados-untref-2019, https://untref.edu.ar/mundountref/tercer-gardel-untref-sonoro-trino, https://untref.edu.ar/mundountref/un3-estrena-soy-ander-la-nueva-serie-interpretada-por-candela-vetrano, https://untref.edu.ar/mundountref/premios-konex-untref-obtuvo-tres-diplomas-al-merito-por-bienalsur-y-sus-docentes, https://untref.edu.ar/mundountref/la-untref-presenta-plan-para-reforzar-vinculo-con-la-escuela-secundaria, https://untref.edu.ar/mundountref/radio-podcast-convergencia-digital-jornadas, https://untref.edu.ar/mundountref/bienalsur-presenta-nuevo-proyecto-artistico-cultural, https://untref.edu.ar/mundountref/nueva-presidenta-de-untref-acr-up, https://untref.edu.ar/mundountref/pez-gordo-llega-al-canal-de-la-universidad, https://untref.edu.ar/mundountref/tercer-ciclo-de-conferencias-de-teoria-social, https://untref.edu.ar/mundountref/violencia-de-genero-protocolo-acciones, https://untref.edu.ar/mundountref/los-feminismos-de-la-segunda-ola-y-su-ecos-en-el-presente, https://untref.edu.ar/mundountref/la-untref-afianza-vinculos-internacionales-con-la-embajada-de-tunez"
SCC 285,"https://untref.edu.ar/muntref/en/exhibition-files/a2012, https://untref.edu.ar/muntref/en/muestras/boltanski-buenos-aires-2/"
SCC 286,"https://untref.edu.ar/sitios/gac/eventos-mes/julio/, https://untref.edu.ar/sitios/gac/calendario-academico/general/"
SCC 287,"https://untref.edu.ar/muntref/es/muestras/correspondencias-transmodales, https://untref.edu.ar/muntref/es/muestras/correspondencias-transmodales/cena1ra032/, https://untref.edu.ar/muntref/es/muestras/correspondencias-transmodales/vitriol-experimance-y-conferencia-transmodal_fotos_-federico-bautis-gentileza-muntref-2/, https://untref.edu.ar/muntref/es/muestras/correspondencias-transmodales/img_8750/, https://untref.edu.ar/muntref/es/muestras/correspondencias-transmodales/img_8773-copia-2/"
SCC 288,"https://untref.edu.ar/sitios/cinea/servicios/, https://untref.edu.ar/sitios/cinea/articulos-prensa/"
SCC 289,"https://untref.edu.ar/sitios/mgaie/noticias/page/6/, https://untref.edu.ar/sitios/mgaie/curso-de-verano-en-estadistica-aplicada/, https://untref.edu.ar/sitios/mgaie/fundamentos-de-la-programacion-estadistica-y-data-mining-en-r-estadistica-descriptiva-modelos-de-regresion-y-arboles-de-decision-inicia-197/"
SCC 290,https://untref.edu.ar/mundountref/tags/ficcion
SCC 291,"https://untref.edu.ar, https://untref.edu.ar/events/seminario-virtual-de-posgrado-bases-de-datos-biomedicos-y-geneticos, https://untref.edu.ar/events/i-congreso-internacional-sudamericano-de-historia-del-arte-xvi-jornadas-de-historia-del-arte-2, https://untref.edu.ar/events/ciclo-de-conferencias-migraciones-internacionales-4, https://untref.edu.ar/events/iv-foro-internacional-narrativas-en-las-fronteras-los-nuevos-viejos-relatos-de-la-actualidad-3, https://untref.edu.ar/mundountref/las-inscripciones-para-las-carreras-de-grado-2025-comenzaran-el-7-de-octubre, https://untref.edu.ar/soevo-orientacion-vocacional, https://untref.edu.ar/events/i-congreso-internacional-sudamericano-de-historia-del-arte-xvi-jornadas-de-historia-del-arte, https://untref.edu.ar/events/seminario-doctoral-nociones-generales-de-estetica-arabiga-y-mudejar"
SCC 292,"https://untref.edu.ar/mundountref/riesgo-adultos-mayores-covid-19, https://untref.edu.ar/mundountref/ecocamas-para-pacientes-con-covid-19-suman-solidaridad-empatia-arte-y-creatividad"
SCC 293,"https://untref.edu.ar/mundountref/tags/comunicado, https://untref.edu.ar/mundountref/ingresantes-preinscripciones-2019, https://untref.edu.ar/mundountref/aislamiento-preventivo-covid-19"
SCC 294,"https://untref.edu.ar/muntref/es/contacto, https://untref.edu.ar/muntref/es/ubicacion , https://untref.edu.ar/muntref/en, https://untref.edu.ar/muntref/en/muestras/the-gestures-of-work/, https://untref.edu.ar/muntref/es/muestras/los-gestos-del-trabajo/los-gestos-del-trabajo11/, https://untref.edu.ar/muntref/en/exhibition-files/a2021"
SCC 295,"https://untref.edu.ar/muntref/es/muestras/diario-de-la-guerra/, https://untref.edu.ar/muntref/es/muestras/diario-de-la-guerra/foto-2/"
SCC 296,"https://untref.edu.ar/muntref/es/muestras/cruce-en-el-rio-adriana-bustos, https://untref.edu.ar/muntref/es/muestras/cruce-en-el-rio-adriana-bustos/cruce-en-el-rio05/, https://untref.edu.ar/muntref/es/muestras/cruce-en-el-rio-adriana-bustos/cruce-en-el-rio07/"
SCC 297,"https://untref.edu.ar/mundountref/tags/literatura, https://untref.edu.ar/mundountref/homenajes-borges-2020, https://untref.edu.ar/mundountref/homenaje-mario-bellatin, https://untref.edu.ar/mundountref/eduntref-en-la-feria-del-libro"
SCC 298,"https://untref.edu.ar/mundountref/estrenos-un3-cablevision-flow, https://untref.edu.ar/mundountref/un3-el-lider-julian-lucero"
SCC 299,"https://untref.edu.ar/events/ciclo-de-conferencias-migraciones-internacionales-2, https://untref.edu.ar/mundountref/cat/audiovisual, https://untref.edu.ar/mundountref/premios-un3-internaciona-buenos-aires-series, https://untref.edu.ar/mundountref/preestreno-comedia-demonios-un3, https://untref.edu.ar/mundountref/un3-premio-fundtv, https://untref.edu.ar/mundountref/un-film-de-untref-media-se-estreno-en-el-festival-internacional-de-cine-de-la-uba, https://untref.edu.ar/mundountref/daniel-merle-fotoperiodismo, https://untref.edu.ar/mundountref/informe-genero-mujeres-carcel"
SCC 300,"https://untref.edu.ar/mundountref/dia-mundial-de-la-audicion-2020, https://untref.edu.ar/mundountref/oir-hibrido-musica-artes-electronicas"
SCC 301,"https://untref.edu.ar/muntref/en/noticias/the-muntref-museum-view-app-has-incorporated-new-immersive-experiences/, https://untref.edu.ar/muntref/en/exhibition-files/a2019, https://untref.edu.ar/muntref/en/muestras/walkers/"
SCC 302,"https://untref.edu.ar/muntref/es/muestras/sierva-tecnociencia-al-servicio-de-aberracion-opticas, https://untref.edu.ar/muntref/es/muestras/sierva-tecnociencia-al-servicio-de-aberracion-opticas/cequimera2024_06/, https://untref.edu.ar/muntref/es/muestras/sierva-tecnociencia-al-servicio-de-aberracion-opticas/sierva_paisajediptico_08/, https://untref.edu.ar/muntref/es/muestras/sierva-tecnociencia-al-servicio-de-aberracion-opticas/treatise02_thegardenofcuriosity_buenosaires/"
SCC 303,"https://untref.edu.ar/muntref/en/muestras/transorganic-exchanges, https://untref.edu.ar/muntref/es/muestras/intercambios-transorganicos/fonocosaaldo2/"
SCC 304,"https://untref.edu.ar/muntref/es/muestras/35-x-35-una-instalacion-democratica-un-fresco-y-una-obra-coral, https://untref.edu.ar/muntref/es/muestras/35-x-35-una-instalacion-democratica-un-fresco-y-una-obra-coral/muntref_35x35-7/"
SCC 305,https://untref.edu.ar/mundountref/bienalsur-cordoba-san-juan-buenos-aires
SCC 306,https://untref.edu.ar/events/la-noche-de-los-museos-en-muntref-sede-hotel-de-inmigrantes
SCC 307,https://untref.edu.ar/ventanillas
SCC 308,"https://untref.edu.ar/mundountref/condolencias-fallecimiento-rabino-baruj-plavnick, https://untref.edu.ar/mundountref/un3-mas-premios-y-nominaciones"
SCC 309,"https://untref.edu.ar/sitios/cinea/, https://untref.edu.ar/sitios/cinea/presentacion/"
SCC 310,https://untref.edu.ar/sitios/mgaie/
SCC 311,"https://untref.edu.ar/mundountref/posgrados-inscripciones-abiertas-para-el-1er-cuatrimestre-2024, https://untref.edu.ar/posgrado/%20diplomatura-superior-en-diversidad-religiosa-y-espiritual"
SCC 312,https://untref.edu.ar/mundountref/serie-ganadora-INCAA-haciendo-escenas-en-pantalla
SCC 313,"https://untref.edu.ar/mundountref/episodio-2-primera-guerra-podcast, https://untref.edu.ar/mundountref/episodio-1-primera-guerra-podcast"
SCC 314,"https://untref.edu.ar/mundountref/conferencia-ideologia-redes-sociales-geert-lovink, https://untref.edu.ar/mundountref/franco-bifo-berardi-dara-una-videoconferencia-sobre-literatura-y-peste"
SCC 315,"https://untref.edu.ar/mundountref/cat/arte-cultura, https://untref.edu.ar/mundountref/inicio-ciclo-2018-muntref-inauguracion-muestras, https://untref.edu.ar/mundountref/el-flujo-de-la-cumbia-en-el-xirgu, https://untref.edu.ar/mundountref/vuelve-el-ciclo-de-musica-para-piano, https://untref.edu.ar/mundountref/muestra-homenaje-sacco, https://untref.edu.ar/mundountref/pelicula-untref-media-festival-cine-la-habana, https://untref.edu.ar/mundountref/talleres-muntref-centro-arte-contemporaneo, https://untref.edu.ar/mundountref/Inauguracion-Despues-de-babel, https://untref.edu.ar/mundountref/estreno-padres-e-hijos-estados-unidos-uruguay, https://untref.edu.ar/mundountref/galeria-de-obras-en-el-museo-nacional-de-bellas-artes, https://untref.edu.ar/mundountref/las-tecnologias-inmersivas-como-herramientas-colaborativas-en-el-arte, https://untref.edu.ar/mundountref/muntref-presenta-su-programacion-para-el-2024, https://untref.edu.ar/mundountref/se-acerca-la-decima-edicion-del-encuentro-internacional-neo-media-lab, https://untref.edu.ar/mundountref/Novedades-editoriales-eduntref-2018, https://untref.edu.ar/mundountref/se-estrena-linea-137, https://untref.edu.ar/mundountref/talleres-verano-muntref, https://untref.edu.ar/mundountref/la-xirgu-genero , https://untref.edu.ar/mundountref/princesa-del-futuro-xirgu, https://untref.edu.ar/mundountref/cierre-convocatoria-bienalsur-2019, https://untref.edu.ar/mundountref/iv-ciclo-iberoamericano-de-opera-contemporanea, https://untref.edu.ar/mundountref/estudiantes-artes-electronicas-muntref, https://untref.edu.ar/mundountref/propuestas-para-toda-la-familia-en-vacaciones, https://untref.edu.ar/mundountref/bienalsur-casa-del-bicentenario"
SCC 316,"https://untref.edu.ar/mundountref/claudia-valente-artes-electronicas-2019, https://untref.edu.ar/mundountref/tags/estacion-untref"
SCC 317,"https://untref.edu.ar/muntref/en/exhibition-files/a2016, https://untref.edu.ar/muntref/en/muestras/bernardi-roig-2"
SCC 318,"https://untref.edu.ar/mundountref/lanzaron-la-convocatoria-abierta-internacional-rumbo-a-bienalsur-2025, https://untref.edu.ar/mundountref/bienalsur-sexto-encuentro-virtual"
SCC 319,"https://untref.edu.ar/mundountref/trans-aural-estrategia-para-artistas-mantener-vinculos, https://untref.edu.ar/mundountref/estreno-del-documental-a-4-manos, https://untref.edu.ar/mundountref/soledad-villamil-presento-el-disco-que-grabo-en-el-xirgu"
SCC 320,"https://untref.edu.ar/muntref/en/exhibition-files/a2015, https://untref.edu.ar/muntref/en/muestras/victor-rebuffo-impresiones-de-un-hombre-moderno/"
SCC 321,"https://untref.edu.ar/talleres-y-seminarios, https://untref.edu.ar/investigacion-y-desarrollo"
SCC 322,https://untref.edu.ar/mundountref/inauguraciones-centro-arte-naturaleza
SCC 323,https://untref.edu.ar/mundountref/eligen-en-espana-documental-producido-por-untref
SCC 324,https://untref.edu.ar/events/ciclo-de-conferencias-migraciones-internacionales-3
SCC 325,https://untref.edu.ar/autoridades
SCC 326,"https://untref.edu.ar/mundountref/lanzamiento-revista-aquilea-cuarto-numero, https://untref.edu.ar/mundountref/eduntref-feria-del-libro-45-edicion"
SCC 327,"https://untref.edu.ar/mundountref/novedades-2023-charlas-informativas-para-carreras-de-posgrado, https://untref.edu.ar/posgrado/especializacion-en-politicas-sociales-urbanas"
SCC 328,"https://untref.edu.ar/mundountref/tags/publicaciones, https://untref.edu.ar/mundountref/eduntref-feria-libro-2018, https://untref.edu.ar/mundountref/untref-sonoro-recibe-dos-nominaciones-para-los-premios-gardel"
SCC 329,https://untref.edu.ar/mundountref/tags/estadistica-2
SCC 330,"https://untref.edu.ar/icaatom/index.php/archivo-sibuntref;isdiah, https://untref.edu.ar/index.php/"
SCC 331,"https://untref.edu.ar/muntref/es/muestras/soberania-de-la-percepcion-2, https://untref.edu.ar/muntref/es/muestras/soberania-de-la-percepcion/dsc_0054-2/"
SCC 332,https://untref.edu.ar/mundountref/presentacion-libro-materia-americana-mayo
SCC 333,"https://untref.edu.ar/mundountref/tags/escritura-creativa, https://untref.edu.ar/mundountref/libros-publicados-estudiantes-escritura-creativa, https://untref.edu.ar/mundountref/diplomado-escritura-creativa-estudiantes-interior"
SCC 334,https://untref.edu.ar/mundountref/como-prevenir-ciberdelitos
SCC 335,https://untref.edu.ar/untref37/index.php/mundountref/ya-funciona-en-el-chalten-el-aerogenerador-creado-por-investigadores-de-la-untref
SCC 336,https://untref.edu.ar/events/iv-foro-internacional-narrativas-en-las-fronteras-los-nuevos-viejos-relatos-de-la-actualidad-2
SCC 337,https://untref.edu.ar/mundountref/un3-premios
SCC 338,https://untref.edu.ar/muntref/es/noticias/colaboracion-con-el-museo-italiano-de-melbourne/
SCC 339,https://untref.edu.ar/mundountref/jornada-de-promocion-de-la-salud
SCC 340,"https://untref.edu.ar/muntref/en/exhibition-files/a2014, https://untref.edu.ar/muntref/en/muestras/estrategias-de-la-mirada-annemarie-heinrich-inedita-2/"
SCC 341,"https://untref.edu.ar/mundountref/giselle-soler-medalla-plata-lima-2019, https://untref.edu.ar/mundountref/estrenos-nominaciones-internacional-un3"
SCC 342,"https://untref.edu.ar/mundountref/ciclo-lectivo-en-modalidad-virtual-nuevas-carreras-protocolos-seguridad-covid, https://untref.edu.ar/mundountref/oiant-en-europa"
SCC 343,"https://untref.edu.ar/sitios/ciea/, https://untref.edu.ar/sitios/ciea/institucional"
SCC 344,https://untref.edu.ar/muntref/murmullo-ciborg-laura-perez-3/
